,song_id,up_votes/total_votes,up_votes,down_votes,difficulty,notes,bombs,BPM,obstacles,NJS,NJSOffset,length,duration
0,33601.0,0.9673469387755103,237.0,8.0,4.0,888.0,22.0,144.0,18.0,19.0,0.0,148.0,355.6351318359375
1,33602.0,0.6,3.0,2.0,1.0,664.0,7.0,125.0,12.0,12.0,0.0,213.0,444.0
2,33603.0,0.9655172413793104,28.0,1.0,2.0,1111.0,12.0,126.0,71.0,13.0,0.10000000149011612,242.0,509.9516906738281
3,33605.0,0.7058823529411765,12.0,5.0,3.0,1446.0,203.0,190.0,223.0,16.0,0.0,267.0,848.25
4,33605.0,0.7058823529411765,12.0,5.0,4.0,1763.0,203.0,190.0,223.0,20.0,0.0,267.0,848.25
5,33608.0,0.875,21.0,3.0,0.0,519.0,0.0,180.0,2.0,20.0,-0.20000000298023224,18.0,56.21875
6,33611.0,0.8846153846153846,23.0,3.0,4.0,596.0,240.0,128.0,122.0,20.0,1.0,116.0,248.33067321777344
7,33611.0,0.8846153846153846,23.0,3.0,2.0,448.0,240.0,128.0,114.0,16.0,0.0,116.0,248.33067321777344
8,33612.0,0.92,46.0,4.0,4.0,1114.0,4.0,172.0,15.0,18.0,-0.30000001192092896,128.0,367.5
9,33613.0,0.9090909090909091,10.0,1.0,2.0,484.0,6.0,77.0,8.0,12.0,0.0,158.0,203.50384521484375
10,33614.0,0.9602649006622517,290.0,12.0,3.0,625.0,130.0,128.01800537109375,33.0,13.0,0.0,179.0,384.0
11,33615.0,0.926829268292683,38.0,3.0,4.0,1211.0,0.0,191.9340057373047,1.0,16.0,0.5,253.0,810.125
12,33616.0,0.0,0.0,3.0,4.0,409.0,0.0,90.0,20.0,18.0,0.0,151.0,227.609375
13,33618.0,0.9326923076923077,97.0,7.0,4.0,60.0,0.0,120.0,0.0,18.0,0.0,31.0,63.0625
14,33620.0,0.23076923076923078,3.0,10.0,2.0,181.0,0.0,140.0,1.0,18.0,0.0,42.0,100.0
15,33626.0,0.5555555555555556,5.0,4.0,3.0,754.0,8.0,122.0,8.0,12.0,0.0,161.0,328.4312744140625
16,33628.0,0.0,0.0,6.0,4.0,2132.0,59.0,170.0,8.0,24.0,0.0,275.0,780.4500122070312
17,33629.0,1.0,2.0,0.0,4.0,331.0,2.0,240.0,4.0,23.0,0.10000000149011612,35.0,142.3125
18,33630.0,1.0,2.0,0.0,3.0,457.0,252.0,93.0,92.0,15.0,0.0,166.0,258.3834533691406
19,33631.0,0.0,0.0,5.0,4.0,1356.0,4.0,120.0,0.0,22.0,0.0,118.0,237.2709197998047
20,33632.0,0.8571428571428571,12.0,2.0,4.0,3475.0,15.0,194.0,72.0,26.0,0.0,311.0,1006.0
21,33633.0,0.8461538461538461,11.0,2.0,3.0,559.0,0.0,140.0,3.0,12.0,0.0,84.0,196.5
22,33634.0,0.9090909090909091,10.0,1.0,3.0,526.0,0.0,120.0,32.0,13.0,1.0,187.0,375.5
23,33636.0,0.9,9.0,1.0,0.0,146.0,0.0,110.0,40.0,10.0,1.0,137.0,252.0
24,33636.0,0.9,9.0,1.0,3.0,422.0,0.0,110.0,40.0,15.0,-0.5,141.0,259.0
25,33636.0,0.9,9.0,1.0,4.0,492.0,0.0,110.0,10.0,19.0,0.25,141.0,259.5
26,33636.0,0.9,9.0,1.0,2.0,272.0,0.0,110.0,40.0,12.0,0.0,141.0,259.0
27,33636.0,0.9,9.0,1.0,1.0,180.0,0.0,110.0,40.0,10.0,1.0,139.0,256.0
28,33637.0,1.0,1.0,0.0,3.0,1.0,0.0,120.0,0.0,0.0,0.0,2.0,5.5
29,33637.0,1.0,1.0,0.0,1.0,275.0,0.0,120.0,0.0,0.0,0.0,91.0,183.75
30,33638.0,0.6875,11.0,5.0,4.0,643.0,0.0,142.86000061035156,30.0,12.0,0.0,156.0,372.0625
31,33639.0,0.9781181619256017,447.0,10.0,0.0,132.0,0.0,128.0,2.0,10.0,1.0,99.0,212.0
32,33639.0,0.9781181619256017,447.0,10.0,3.0,351.0,0.0,128.0,16.0,16.0,-0.25,99.0,212.0
33,33639.0,0.9781181619256017,447.0,10.0,4.0,417.0,0.0,128.0,34.0,18.0,-0.5,99.0,212.0
34,33639.0,0.9781181619256017,447.0,10.0,2.0,256.0,0.0,128.0,8.0,14.0,0.0,99.0,212.0
35,33639.0,0.9781181619256017,447.0,10.0,1.0,164.0,0.0,128.0,2.0,12.0,0.5,99.0,212.0
36,33644.0,0.625,10.0,6.0,4.0,1595.0,129.0,130.0,154.0,20.0,-0.30000001192092896,264.0,573.0
37,33645.0,0.3333333333333333,1.0,2.0,3.0,744.0,0.0,120.0,17.0,0.0,0.0,205.0,411.0
38,33650.0,0.5,2.0,2.0,4.0,702.0,18.0,271.0,11.0,12.0,0.0,128.0,582.0
39,33652.0,0.2222222222222222,2.0,7.0,4.0,1963.0,139.0,200.0,61.0,20.0,0.0,124.0,414.25
40,33653.0,0.9032258064516129,28.0,3.0,3.0,1567.0,2.0,130.0,44.0,17.0,0.0,240.0,520.5980224609375
41,33653.0,0.9032258064516129,28.0,3.0,4.0,1769.0,4.0,130.0,44.0,22.0,0.30000001192092896,240.0,520.5980224609375
42,33653.0,0.9032258064516129,28.0,3.0,2.0,905.0,4.0,130.0,42.0,14.0,0.0,240.0,520.5980224609375
43,33654.0,1.0,6.0,0.0,3.0,663.0,0.0,138.0,144.0,14.0,0.0,196.0,453.0
44,33655.0,0.23684210526315788,18.0,58.0,4.0,1296.0,68.0,137.0,5.0,12.0,0.0,198.0,453.75
45,33656.0,0.6,3.0,2.0,3.0,670.0,0.0,163.0,11.0,12.0,0.0,123.0,335.4960021972656
46,33656.0,0.6,3.0,2.0,4.0,699.0,0.0,163.0,11.0,12.0,0.0,123.0,335.4960021972656
47,33656.0,0.6,3.0,2.0,1.0,371.0,0.0,163.0,11.0,12.0,0.0,123.0,335.4960021972656
48,33657.0,1.0,4.0,0.0,4.0,1138.0,76.0,183.0,171.0,17.0,0.0,237.0,724.25
49,33659.0,0.375,6.0,10.0,4.0,899.0,56.0,212.0,0.0,18.0,0.6000000238418579,165.0,584.6466674804688
50,33660.0,0.5,1.0,1.0,4.0,1598.0,664.0,400.0,270.0,23.0,0.0,174.0,1162.5
51,33661.0,0.7368421052631579,14.0,5.0,3.0,620.0,0.0,170.0,10.0,12.0,0.0,149.0,424.0
52,33662.0,0.0,0.0,3.0,3.0,160.0,0.0,75.0,1.0,12.0,5.0,60.0,75.0
53,33663.0,0.7931034482758621,23.0,6.0,4.0,1040.0,50.0,170.0,5025.0,22.0,0.0,180.0,512.121826171875
54,33664.0,0.0,0.0,1.0,3.0,616.0,0.0,140.07000732421875,2.0,12.0,0.0,192.0,450.5
55,33665.0,1.0,99.0,0.0,0.0,504.0,0.0,146.0,56.0,8.0,0.0,243.0,592.0
56,33665.0,1.0,99.0,0.0,3.0,1024.0,0.0,146.0,57.0,16.0,0.0,243.0,592.0
57,33665.0,1.0,99.0,0.0,4.0,1081.0,0.0,146.0,57.0,20.0,0.0,243.0,592.0
58,33665.0,1.0,99.0,0.0,2.0,865.0,3.0,146.0,60.0,12.0,0.0,243.0,592.0
59,33665.0,1.0,99.0,0.0,1.0,620.0,0.0,146.0,56.0,10.0,-2.0,243.0,592.0
60,33666.0,0.9555555555555556,129.0,6.0,4.0,1379.0,0.0,140.0,0.0,16.0,0.0,261.0,609.7303466796875
61,33667.0,0.2857142857142857,2.0,5.0,3.0,280.0,0.0,100.0,0.0,12.0,0.0,131.0,219.875
62,33668.0,0.9,9.0,1.0,4.0,1230.0,224.0,175.0,7.0,18.0,0.0,214.0,626.375
63,33672.0,0.9629629629629629,26.0,1.0,4.0,1229.0,107.0,157.0,62.0,13.0,0.0,258.0,675.7716674804688
64,33675.0,0.375,3.0,5.0,4.0,88.0,0.0,500.0,0.0,20.0,0.0,5.0,47.0
65,33677.0,0.5,3.0,3.0,4.0,750.0,388.0,63.0,28.0,14.0,0.0,260.0,273.25
66,33677.0,0.5,3.0,3.0,2.0,744.0,287.0,63.0,29.0,14.0,0.0,260.0,273.25
67,33678.0,0.3673469387755102,18.0,31.0,0.0,214.0,59.0,200.0,6.0,12.0,0.0,155.0,518.5
68,33678.0,0.3673469387755102,18.0,31.0,3.0,340.0,60.0,200.0,10.0,12.0,0.0,153.0,512.0
69,33679.0,0.5,1.0,1.0,4.0,1042.0,10.0,130.0,76.0,15.0,0.0,222.0,482.75
70,33680.0,0.6666666666666666,6.0,3.0,4.0,140.0,0.0,133.0,53.0,19.949989318847656,0.0,34.0,75.68841552734375
71,33681.0,0.75,30.0,10.0,3.0,690.0,203.0,115.0,22.0,12.0,0.0,357.0,685.0
72,33681.0,0.75,30.0,10.0,4.0,663.0,260.0,115.0,23.0,12.0,0.0,357.0,685.0
73,33681.0,0.75,30.0,10.0,1.0,505.0,12.0,115.0,6.0,12.0,0.0,357.0,685.0
74,33683.0,0.5555555555555556,5.0,4.0,4.0,844.0,0.0,100.0,55.0,20.0,0.0,204.0,340.125
75,33684.0,0.05555555555555555,1.0,17.0,4.0,1095.0,240.0,120.0,40.0,12.0,0.0,287.0,574.5
76,33686.0,0.8666666666666667,13.0,2.0,3.0,857.0,18.0,155.0,5.0,22.0,0.0,119.0,309.2547302246094
77,33686.0,0.8666666666666667,13.0,2.0,4.0,991.0,52.0,155.0,0.0,26.0,0.4000000059604645,119.0,309.2547302246094
78,33686.0,0.8666666666666667,13.0,2.0,2.0,722.0,8.0,155.0,5.0,18.0,0.0,119.0,309.2547607421875
79,33688.0,0.0,0.0,4.0,4.0,750.0,0.0,184.0,2.0,20.0,0.0,120.0,368.0030517578125
80,33689.0,0.7391304347826086,17.0,6.0,4.0,622.0,4.0,175.72000122070312,0.0,22.0,-0.30000001192092896,72.0,212.25
81,33690.0,0.8653846153846154,45.0,7.0,3.0,990.0,32.0,152.0,0.0,12.0,0.0,255.0,648.0953369140625
82,33693.0,0.375,3.0,5.0,4.0,2085.0,44.0,150.0,4.0,20.0,0.0,281.0,703.8125
83,33694.0,0.9761904761904762,41.0,1.0,3.0,316.0,0.0,194.0,2.0,15.0,0.0,90.0,293.5
84,33694.0,0.9761904761904762,41.0,1.0,4.0,507.0,0.0,194.0,0.0,17.0,0.0,90.0,293.5
85,33695.0,0.9166666666666666,22.0,2.0,4.0,1113.0,10.0,271.0,0.0,22.0,0.0,129.0,583.5546875
86,33696.0,0.9655172413793104,28.0,1.0,0.0,183.0,4.0,97.0,5.0,12.0,0.0,128.0,208.5
87,33696.0,0.9655172413793104,28.0,1.0,2.0,429.0,49.0,97.0,12.0,12.0,0.0,128.0,208.5
88,33696.0,0.9655172413793104,28.0,1.0,1.0,293.0,28.0,97.0,12.0,12.0,0.0,128.0,208.5
89,33698.0,0.5,7.0,7.0,3.0,718.0,0.0,130.08999633789062,7.0,18.0,0.0,129.0,280.0
90,33699.0,0.9056603773584906,48.0,5.0,3.0,704.0,6.0,235.0,45.0,18.0,0.4000000059604645,115.0,452.14617919921875
91,33699.0,0.9056603773584906,48.0,5.0,4.0,1223.0,11.0,235.0,45.0,24.0,-0.15000000596046448,115.0,452.14617919921875
92,33699.0,0.9056603773584906,48.0,5.0,2.0,315.0,4.0,235.0,45.0,15.0,0.0,115.0,452.1461486816406
93,33700.0,0.9354838709677419,29.0,2.0,0.0,0.0,0.0,125.0,0.0,21.0,0.4000000059604645,0.0,0.0
94,33700.0,0.9354838709677419,29.0,2.0,4.0,941.0,0.0,125.0,28.0,21.0,0.4000000059604645,196.0,410.2604064941406
95,33703.0,0.8529411764705882,29.0,5.0,4.0,2564.0,177.0,256.0,37.0,21.0,0.30000001192092896,265.0,1133.28662109375
96,33704.0,0.9047619047619048,19.0,2.0,3.0,649.0,0.0,117.0,10.0,16.0,0.0,189.0,369.5975036621094
97,33706.0,0.9473684210526315,36.0,2.0,3.0,804.0,42.0,106.0,106.0,19.0,0.10000000149011612,230.0,407.4884948730469
98,33707.0,0.75,3.0,1.0,4.0,716.0,41.0,170.0,36.0,16.0,0.0,211.0,598.0330200195312
99,33707.0,0.75,3.0,1.0,2.0,465.0,0.0,170.0,0.0,16.0,0.0,212.0,602.5330200195312
100,33709.0,0.1,1.0,9.0,4.0,1945.0,62.0,147.0,34.0,23.0,-0.5,151.0,371.45098876953125
101,33711.0,0.8809523809523809,37.0,5.0,4.0,1374.0,37.0,148.0,37.0,20.0,-0.30000001192092896,226.0,557.890625
102,33712.0,0.945273631840796,190.0,11.0,3.0,183.0,0.0,120.0,0.0,18.0,0.0,31.0,62.0
103,33712.0,0.945273631840796,190.0,11.0,4.0,187.0,0.0,120.0,0.0,21.0,0.0,31.0,62.0
104,33712.0,0.945273631840796,190.0,11.0,2.0,121.0,0.0,120.0,0.0,15.0,0.0,31.0,62.0
105,33713.0,1.0,2.0,0.0,2.0,420.0,72.0,123.74400329589844,42.0,12.0,0.0,171.0,354.0
106,33715.0,1.0,8.0,0.0,3.0,613.0,0.0,86.0,2.0,15.0,0.0,179.0,257.75
107,33715.0,1.0,8.0,0.0,2.0,322.0,0.0,86.0,2.0,12.0,0.0,179.0,257.75
108,33715.0,1.0,8.0,0.0,1.0,184.0,0.0,86.0,0.0,10.0,0.0,179.0,257.75
109,33716.0,0.782608695652174,18.0,5.0,3.0,477.0,0.0,100.0,6.0,12.0,0.0,122.0,204.0
110,33716.0,0.782608695652174,18.0,5.0,2.0,371.0,0.0,100.0,6.0,12.0,0.0,122.0,204.0
111,33717.0,0.6,9.0,6.0,4.0,893.0,0.0,98.30999755859375,28.0,14.0,0.0,177.0,291.375
112,33718.0,0.5,1.0,1.0,3.0,425.0,0.0,108.0,3.0,15.0,0.0,138.0,249.75
113,33720.0,0.8974358974358975,35.0,4.0,4.0,860.0,43.0,135.0,42.0,12.0,0.0,150.0,338.3784484863281
114,33721.0,0.9069767441860465,39.0,4.0,0.0,216.0,0.0,155.0,0.0,12.0,7.0,177.0,458.0
115,33721.0,0.9069767441860465,39.0,4.0,3.0,751.0,30.0,155.0,29.0,15.5,0.0,177.0,458.0
116,33721.0,0.9069767441860465,39.0,4.0,2.0,613.0,4.0,155.0,29.0,13.0,2.0,177.0,458.0
117,33721.0,0.9069767441860465,39.0,4.0,1.0,416.0,2.0,155.0,0.0,12.0,5.0,238.0,616.0
118,33723.0,0.2916666666666667,7.0,17.0,4.0,1109.0,8.0,184.0,7.0,22.0,0.0,136.0,420.0
119,33724.0,1.0,13.0,0.0,3.0,144.0,772.0,120.0,12.0,0.0,0.0,122.0,244.5
120,33725.0,0.8888888888888888,32.0,4.0,0.0,103.0,0.0,128.0,12.0,10.0,1.0,76.0,164.0
121,33725.0,0.8888888888888888,32.0,4.0,3.0,272.0,0.0,128.0,12.0,16.0,-0.25,76.0,164.0
122,33725.0,0.8888888888888888,32.0,4.0,4.0,316.0,6.0,128.0,102.0,20.0,0.5,76.0,164.0
123,33725.0,0.8888888888888888,32.0,4.0,2.0,206.0,0.0,128.0,6.0,14.0,0.0,76.0,164.0
124,33725.0,0.8888888888888888,32.0,4.0,1.0,148.0,0.0,128.0,8.0,12.0,0.5,76.0,164.0
125,33732.0,0.675,27.0,13.0,4.0,1419.0,36.0,280.0,2.0,22.0,0.30000001192092896,232.0,1085.375
126,33733.0,0.9,27.0,3.0,4.0,1002.0,72.0,192.0,20.0,19.0,0.0,146.0,468.0
127,33734.0,0.4,2.0,3.0,3.0,494.0,18.0,140.0,8.0,14.0,0.0,122.0,286.0
128,33734.0,0.4,2.0,3.0,4.0,649.0,26.0,140.0,9.0,16.0,0.0,122.0,286.0
129,33735.0,0.42857142857142855,3.0,4.0,3.0,211.0,0.0,125.0,0.0,12.0,0.0,63.0,131.375
130,33738.0,0.4,2.0,3.0,4.0,1088.0,0.0,220.0,0.0,23.0,0.30000001192092896,105.0,386.75
131,33740.0,0.0,0.0,13.0,4.0,1431.0,10.0,200.0,30.0,27.0,0.0,147.0,492.63165283203125
132,33741.0,0.75,15.0,5.0,3.0,870.0,78.0,147.0,92.0,18.0,0.0,246.0,603.0347290039062
133,33745.0,1.0,10.0,0.0,2.0,835.0,18.0,156.0,4.0,12.0,0.0,219.0,571.072917
134,33746.0,0.9552238805970149,64.0,3.0,4.0,2134.0,76.0,176.0,148.0,20.0,-0.20000000298023224,240.0,704.0
135,33747.0,0.9130434782608695,21.0,2.0,3.0,785.0,18.0,174.02000427246094,110.0,14.0,0.0,223.0,646.9060668945312
136,33747.0,0.9130434782608695,21.0,2.0,2.0,785.0,18.0,174.02000427246094,110.0,12.0,0.0,223.0,646.9060668945312
137,33749.0,0.9807692307692307,255.0,5.0,3.0,537.0,0.0,120.2300033569336,59.0,15.0,0.0,185.0,372.4509582519531
138,33750.0,1.0,1.0,0.0,0.0,134.0,70.0,80.0,48.0,12.0,0.0,96.0,128.0
139,33750.0,1.0,1.0,0.0,2.0,218.0,0.0,80.0,48.0,12.0,0.0,96.0,129.0
140,33752.0,0.9090909090909091,10.0,1.0,3.0,657.0,8.0,163.0,35.0,20.0,0.0,127.0,347.7325134277344
141,33752.0,0.9090909090909091,10.0,1.0,2.0,604.0,12.0,163.0,35.0,15.0,0.0,127.0,347.7325134277344
142,33755.0,0.9468085106382979,89.0,5.0,4.0,1826.0,6.0,170.0,80.0,20.0,-0.25,249.0,705.6430053710938
143,33757.0,0.5,4.0,4.0,3.0,1904.0,12.0,201.0,28.0,20.0,-0.10000000149011612,107.0,361.3492736816406
144,33757.0,0.5,4.0,4.0,4.0,1952.0,12.0,201.0,51.0,20.0,-0.10000000149011612,107.0,361.3492736816406
145,33757.0,0.5,4.0,4.0,2.0,1863.0,12.0,201.0,28.0,20.0,-0.10000000149011612,107.0,361.3492736816406
146,33759.0,0.782608695652174,18.0,5.0,3.0,603.0,0.0,192.0,21.0,18.0,0.4000000059604645,153.0,490.5
147,33762.0,0.6923076923076923,9.0,4.0,4.0,302.0,0.0,190.33799743652344,0.0,18.0,0.0,29.0,95.0
148,33763.0,0.3333333333333333,1.0,2.0,3.0,721.0,86.0,155.0,160.0,12.0,0.0,133.0,344.25
149,33764.0,0.8695652173913043,20.0,3.0,4.0,1898.0,1067.0,175.0,613.0,21.0,-0.20000000298023224,279.0,816.25
150,33765.0,0.9399477806788512,360.0,23.0,3.0,763.0,13.0,196.0,48.0,15.0,0.5,207.0,679.0
151,33766.0,0.9298245614035088,53.0,4.0,4.0,1161.0,0.0,128.0,104.0,20.0,0.20000000298023224,247.0,528.48291015625
152,33767.0,0.6,18.0,12.0,4.0,300.0,0.0,170.0,6.0,20.0,0.0,69.0,196.0000762939453
153,33768.0,0.9714285714285714,34.0,1.0,4.0,1103.0,15.0,160.0,0.0,20.0,0.0,215.0,575.5
154,33769.0,0.0,0.0,3.0,3.0,869.0,36.0,169.0,118.0,12.0,0.0,171.0,484.25
155,33769.0,0.0,0.0,3.0,4.0,1189.0,9.0,169.0,49.0,12.0,0.0,171.0,482.25
156,33769.0,0.0,0.0,3.0,2.0,647.0,141.0,169.0,99.0,12.0,0.0,171.0,483.25
157,33770.0,0.8444444444444444,38.0,7.0,4.0,869.0,10.0,151.0,2.0,22.0,-0.6000000238418579,128.0,322.6112365722656
158,33771.0,0.813953488372093,35.0,8.0,0.0,219.0,0.0,164.0,6.0,0.0,0.0,165.0,452.0
159,33771.0,0.813953488372093,35.0,8.0,3.0,445.0,5.0,164.0,12.0,0.0,0.0,165.0,452.0
160,33771.0,0.813953488372093,35.0,8.0,2.0,405.0,0.0,164.0,12.0,12.0,0.0,165.0,452.0
161,33771.0,0.813953488372093,35.0,8.0,1.0,272.0,0.0,164.0,9.0,0.0,0.0,165.0,452.0
162,33772.0,1.0,8.0,0.0,4.0,814.0,0.0,124.0,13.0,17.0,0.0,160.0,331.0
163,33773.0,0.9765625,125.0,3.0,0.0,0.0,0.0,330.0,2130.0,25.0,0.0,0.0,0.0
164,33773.0,0.9765625,125.0,3.0,4.0,1867.0,0.0,330.0,2131.0,25.0,0.0,111.0,614.875
165,33774.0,0.8333333333333334,35.0,7.0,4.0,1965.0,24.0,196.0,21.0,23.0,-0.20000000298023224,208.0,680.4573364257812
166,33775.0,0.6,3.0,2.0,4.0,988.0,23.0,100.0,19.0,18.0,0.0,179.0,298.98333740234375
167,33776.0,0.9342105263157895,71.0,5.0,3.0,1888.0,0.0,170.3000030517578,2.0,14.0,0.25,321.0,911.5
168,33776.0,0.9342105263157895,71.0,5.0,4.0,2094.0,0.0,170.3000030517578,2.0,19.0,0.25,321.0,911.5
169,33776.0,0.9342105263157895,71.0,5.0,2.0,1370.0,0.0,170.3000030517578,2.0,14.0,0.25,321.0,911.5
170,33778.0,0.6896551724137931,20.0,9.0,4.0,1212.0,0.0,108.0,0.0,17.0,0.0,280.0,504.17999267578125
171,33779.0,0.5,3.0,3.0,3.0,506.0,0.0,130.0,20.0,15.0,0.0,51.0,111.0
172,33780.0,1.0,13.0,0.0,4.0,672.0,0.0,108.0,0.0,18.0,0.25,197.0,355.75
173,33781.0,0.9112903225806451,113.0,11.0,3.0,656.0,38.0,150.0,27.0,12.699999809265137,0.0,173.0,434.0
174,33782.0,0.9090909090909091,10.0,1.0,3.0,911.0,7.0,114.0,22.0,16.0,-0.5,233.0,443.625
175,33783.0,0.967741935483871,30.0,1.0,4.0,902.0,18.0,133.0,64.0,18.0,-0.5,175.0,389.625
176,33784.0,1.0,9.0,0.0,4.0,868.0,0.0,159.00999450683594,13.0,16.0,0.0,185.0,490.5
177,33786.0,0.9534883720930233,82.0,4.0,3.0,905.0,80.0,143.0,9.0,18.0,0.0,234.0,559.3583984375
178,33786.0,0.9534883720930233,82.0,4.0,2.0,759.0,40.0,143.0,9.0,12.0,1.0,234.0,559.3583984375
179,33786.0,0.9534883720930233,82.0,4.0,1.0,447.0,0.0,143.0,9.0,10.0,0.0,234.0,559.3583984375
180,33787.0,0.8333333333333334,10.0,2.0,4.0,994.0,68.0,160.0,19.0,21.0,0.0,254.0,679.5
181,33788.0,0.975,156.0,4.0,4.0,1013.0,0.0,146.0,0.0,17.0,0.10000000149011612,199.0,485.0989990234375
182,33789.0,0.9701492537313433,130.0,4.0,3.0,1044.0,0.0,179.69400024414062,36.0,18.0,0.0,218.0,654.0
183,33790.0,0.6666666666666666,8.0,4.0,3.0,696.0,20.0,123.0,115.0,18.0,0.10000000149011612,233.0,479.5
184,33790.0,0.6666666666666666,8.0,4.0,2.0,581.0,13.0,123.0,115.0,18.0,0.10000000149011612,233.0,479.5
185,33790.0,0.6666666666666666,8.0,4.0,1.0,446.0,6.0,123.0,115.0,15.0,0.10000000149011612,233.0,479.5
186,33792.0,0.21052631578947367,4.0,15.0,4.0,2184.0,4.0,208.0,21.0,24.0,0.0,237.0,824.5247192382812
187,33794.0,0.5,4.0,4.0,4.0,1776.0,149.0,128.0,98.0,23.0,0.25,205.0,437.5973205566406
188,33800.0,0.75,3.0,1.0,4.0,29.0,0.0,120.0,0.0,16.0,0.0,7.0,14.000000953674316
189,33801.0,0.96,24.0,1.0,4.0,2218.0,30.0,250.0,151.0,19.0,0.0,227.0,947.4166870117188
190,33803.0,0.16666666666666666,1.0,5.0,3.0,1874.0,34.0,185.0,169.0,23.0,-0.4000000059604645,143.0,443.48480224609375
191,33803.0,0.16666666666666666,1.0,5.0,4.0,1874.0,34.0,185.0,169.0,26.0,0.0,143.0,443.48480224609375
192,33804.0,1.0,2.0,0.0,4.0,1609.0,0.0,126.0,12.0,17.988365173339844,0.0,368.0,774.3823852539062
193,33806.0,0.8695652173913043,20.0,3.0,4.0,1545.0,0.0,200.0,0.0,21.0,0.25,153.0,512.566650390625
194,33810.0,1.0,2.0,0.0,3.0,735.0,0.0,116.0,63.0,14.0,0.0,289.0,559.857177734375
195,33810.0,1.0,2.0,0.0,4.0,997.0,0.0,116.0,55.0,19.0,0.0,289.0,559.8571166992188
196,33812.0,0.9478672985781991,200.0,11.0,3.0,528.0,21.0,201.8459930419922,43.0,18.0,0.0,178.0,599.9268798828125
197,33813.0,0.8571428571428571,6.0,1.0,4.0,238.0,0.0,208.0,179.0,23.0,-0.30000001192092896,26.0,92.0
198,33815.0,0.8181818181818182,18.0,4.0,4.0,159.0,0.0,120.0,0.0,18.0,-0.30000001192092896,17.0,34.5
199,33817.0,0.9473684210526315,18.0,1.0,4.0,28.0,0.0,120.0,0.0,18.0,0.0,9.0,18.25
200,33818.0,0.7352941176470589,25.0,9.0,4.0,755.0,4.0,172.0,1.0,22.0,-0.25,88.0,253.75
201,33821.0,0.6666666666666666,90.0,45.0,3.0,565.0,0.0,174.0,0.0,13.0,0.0,144.0,420.0
202,33822.0,0.4,2.0,3.0,3.0,473.0,0.0,50.0,0.0,12.0,0.0,151.0,126.0
203,33823.0,0.1,1.0,9.0,0.0,166.0,16.0,140.0,12.0,12.0,0.0,171.0,401.0000305175781
204,33823.0,0.1,1.0,9.0,3.0,738.0,16.0,140.0,24.0,12.0,0.0,171.0,401.0000305175781
205,33823.0,0.1,1.0,9.0,2.0,700.0,16.0,140.0,24.0,12.0,0.0,171.0,400.8998718261719
206,33823.0,0.1,1.0,9.0,1.0,425.0,14.0,140.0,17.0,12.0,0.0,171.0,400.89996337890625
207,33824.0,0.9518072289156626,79.0,4.0,3.0,1814.0,0.0,120.0,11.0,14.0,0.5,515.0,1031.0
208,33826.0,0.5454545454545454,6.0,5.0,2.0,578.0,0.0,128.0,12.0,12.0,0.0,196.0,420.1535949707031
209,33827.0,0.5,2.0,2.0,0.0,0.0,0.0,80.0,0.0,12.0,0.0,0.0,0.0
210,33830.0,0.896551724137931,52.0,6.0,4.0,2806.0,76.0,200.0,189.0,22.0,-0.25,317.0,1059.933349609375
211,33832.0,0.9682539682539683,61.0,2.0,3.0,901.0,3.0,172.0,14.0,16.0,0.5,280.0,803.1246337890625
212,33832.0,0.9682539682539683,61.0,2.0,4.0,978.0,18.0,172.0,2.0,20.0,0.0,280.0,803.1246337890625
213,33832.0,0.9682539682539683,61.0,2.0,2.0,758.0,0.0,172.0,14.0,13.0,0.5,280.0,803.1666259765625
214,33833.0,0.971830985915493,138.0,4.0,4.0,963.0,0.0,92.0,30.0,18.0,0.20000000298023224,211.0,324.0
215,33834.0,0.9473684210526315,270.0,15.0,3.0,518.0,0.0,130.0,0.0,12.5,0.0,101.0,220.75
216,33835.0,0.6666666666666666,12.0,6.0,3.0,479.0,4.0,250.0,18.0,15.10881519317627,0.0,127.0,530.0
217,33839.0,0.9310344827586207,27.0,2.0,4.0,1515.0,0.0,256.0,0.0,25.0,0.20000000298023224,120.0,513.9999389648438
218,33840.0,1.0,4.0,0.0,0.0,0.0,0.0,135.0,0.0,16.0,0.0,0.0,0.0
219,33840.0,1.0,4.0,0.0,3.0,414.0,0.0,135.0,8.0,16.0,0.0,163.0,368.0
220,33841.0,0.9415584415584416,145.0,9.0,4.0,711.0,0.0,142.0,60.0,12.0,0.0,202.0,479.5
221,33843.0,0.7222222222222222,13.0,5.0,4.0,1275.0,92.0,160.0,235.0,19.0,-0.20000000298023224,227.0,605.6799926757812
222,33846.0,0.8292682926829268,34.0,7.0,4.0,1587.0,16.0,190.0,12.0,22.0,-0.10000000149011612,235.0,744.2206420898438
223,33848.0,0.2962962962962963,16.0,38.0,3.0,2297.0,18.0,130.0,1.0,15.0,-0.30000001192092896,313.0,680.0
224,33849.0,0.5,3.0,3.0,3.0,1939.0,14.0,120.0,0.0,14.0,-0.30000001192092896,275.0,550.25
225,33850.0,0.8837209302325582,76.0,10.0,0.0,0.0,0.0,175.0,0.0,22.0,-0.15000000596046448,0.0,0.0
226,33850.0,0.8837209302325582,76.0,10.0,3.0,995.0,8.0,175.0,67.0,15.0,-0.15000000596046448,157.0,460.0
227,33850.0,0.8837209302325582,76.0,10.0,4.0,995.0,8.0,175.0,67.0,22.0,-0.15000000596046448,157.0,460.0
228,33851.0,0.875,7.0,1.0,3.0,379.0,0.0,150.0,3.0,16.0,0.0,79.0,199.75
229,33852.0,0.9647058823529412,82.0,3.0,3.0,776.0,0.0,137.0,0.0,17.0,0.20000000298023224,170.0,388.9314880371094
230,33856.0,0.7083333333333334,17.0,7.0,4.0,1289.0,0.0,95.0,2.0,23.0,0.0,217.0,344.26165771484375
231,33858.0,0.6881720430107527,64.0,29.0,3.0,143.0,0.0,143.74000549316406,0.0,12.0,0.0,31.0,75.97354125976562
232,33859.0,0.3333333333333333,2.0,4.0,4.0,25595.0,4.0,200.0,2.0,20.0,0.0,754.0,2516.22998046875
233,33860.0,1.0,11.0,0.0,3.0,774.0,0.0,88.0,7.0,15.0,0.25,239.0,351.0
234,33861.0,0.8372093023255814,36.0,7.0,3.0,349.0,0.0,161.0500030517578,0.0,15.0,0.0,80.0,216.9110565185547
235,33861.0,0.8372093023255814,36.0,7.0,4.0,618.0,0.0,161.0500030517578,1.0,20.0,0.0,80.0,216.9110565185547
236,33863.0,0.875,7.0,1.0,3.0,376.0,0.0,174.07899475097656,0.0,16.0,0.0,90.0,263.5
237,33864.0,1.0,11.0,0.0,3.0,323.0,0.0,156.14999389648438,0.0,18.0,0.0,75.0,196.0
238,33865.0,0.7777777777777778,7.0,2.0,3.0,288.0,5.0,130.0,6.0,18.0,0.0,68.0,149.0
239,33866.0,0.9402985074626866,63.0,4.0,3.0,1511.0,0.0,180.0,0.0,18.0,0.0,215.0,646.0
240,33866.0,0.9402985074626866,63.0,4.0,4.0,1764.0,0.0,180.0,7.0,20.0,0.0,215.0,646.0
241,33866.0,0.9402985074626866,63.0,4.0,2.0,1131.0,0.0,180.0,0.0,16.0,0.0,215.0,646.0
242,33867.0,0.9743589743589743,38.0,1.0,0.0,337.0,0.0,184.0,7.0,14.0,1.5,191.0,588.5704956054688
243,33867.0,0.9743589743589743,38.0,1.0,3.0,1059.0,0.0,184.0,3.0,20.0,0.0,191.0,588.6011352539062
244,33867.0,0.9743589743589743,38.0,1.0,4.0,1348.0,0.0,184.0,3.0,22.0,-0.20000000298023224,191.0,588.5704345703125
245,33867.0,0.9743589743589743,38.0,1.0,2.0,751.0,0.0,184.0,3.0,18.0,0.25,191.0,588.6011352539062
246,33867.0,0.9743589743589743,38.0,1.0,1.0,427.0,0.0,184.0,7.0,16.0,0.75,191.0,588.5704956054688
247,33868.0,0.9538461538461539,62.0,3.0,3.0,1049.0,0.0,150.0,30.0,21.0,-0.25,209.0,524.0
248,33868.0,0.9538461538461539,62.0,3.0,4.0,1158.0,43.0,150.0,48.0,22.0,-0.5,209.0,524.0
249,33869.0,0.5,7.0,7.0,3.0,385.0,0.0,208.0,0.0,16.0,0.0,79.0,274.0
250,33872.0,0.9451219512195121,155.0,9.0,0.0,0.0,0.0,128.0,0.0,21.0,0.5,0.0,0.0
251,33874.0,0.9804878048780488,201.0,4.0,3.0,483.0,8.0,105.75,8.0,15.0,0.0,141.0,248.94277954101562
252,33875.0,0.82,41.0,9.0,3.0,1289.0,3.0,150.0,107.0,20.0,0.0,222.0,557.1500244140625
253,33877.0,0.75,3.0,1.0,3.0,103.0,0.0,90.0,0.0,12.0,0.0,15.0,23.0
254,33878.0,0.3333333333333333,1.0,2.0,3.0,51.0,0.0,77.5,0.0,12.0,0.0,18.0,23.25
255,33879.0,0.8928571428571429,25.0,3.0,3.0,505.0,72.0,120.0,22.0,13.0,0.25,180.0,361.6800231933594
256,33879.0,0.8928571428571429,25.0,3.0,1.0,253.0,22.0,120.0,21.0,10.0,1.0,180.0,361.6499938964844
257,33881.0,0.5,2.0,2.0,3.0,740.0,41.0,180.0,49.0,12.0,0.0,141.0,424.5
258,33885.0,0.6666666666666666,4.0,2.0,4.0,391.0,23.0,200.0,36.0,23.0,0.0,59.0,199.00027465820312
259,33886.0,0.9865771812080537,147.0,2.0,0.0,168.0,0.0,90.0,3.0,10.0,0.0,194.0,292.0
260,33886.0,0.9865771812080537,147.0,2.0,3.0,658.0,0.0,90.0,8.0,14.0,0.75,194.0,292.0
261,33886.0,0.9865771812080537,147.0,2.0,4.0,786.0,0.0,90.0,13.0,16.0,0.5,194.0,292.0
262,33886.0,0.9865771812080537,147.0,2.0,2.0,464.0,0.0,90.0,8.0,12.0,0.0,194.0,292.0
263,33886.0,0.9865771812080537,147.0,2.0,1.0,281.0,0.0,90.0,5.0,10.0,0.0,194.0,292.0
264,33887.0,0.6923076923076923,9.0,4.0,2.0,553.0,6.0,152.0,1.0,12.0,0.0,236.0,599.0000610351562
265,33888.0,0.9863013698630136,72.0,1.0,3.0,497.0,22.0,185.0,4.0,16.0,0.0,88.0,273.31500244140625
266,33888.0,0.9863013698630136,72.0,1.0,4.0,562.0,22.0,185.0,4.0,18.0,0.0,88.0,273.31500244140625
267,33890.0,0.8235294117647058,14.0,3.0,3.0,308.0,18.0,123.94000244140625,0.0,18.0,-0.30000001192092896,54.0,113.30985260009766
268,33891.0,0.25,2.0,6.0,3.0,785.0,23.0,102.0,29.0,12.0,0.0,271.0,462.1477966308594
269,33892.0,1.0,11.0,0.0,3.0,73.0,0.0,158.16799926757812,0.0,18.0,-0.30000001192092896,12.0,31.861387252807617
270,33895.0,1.0,2.0,0.0,3.0,641.0,0.0,95.0,8.0,12.0,0.0,150.0,238.0416717529297
271,33896.0,0.9117647058823529,31.0,3.0,4.0,1953.0,75.0,175.0,4.0,20.0,0.0,265.0,775.4166870117188
272,33897.0,0.9856459330143541,206.0,3.0,3.0,623.0,8.0,117.87999725341797,78.0,13.0,0.0,171.0,336.7227783203125
273,33898.0,0.9318181818181818,41.0,3.0,4.0,1376.0,342.0,140.0,12.0,21.0,0.5,186.0,435.0
274,33899.0,0.978021978021978,178.0,4.0,3.0,486.0,0.0,164.08099365234375,61.0,13.0,0.699999988079071,126.0,345.25
275,33900.0,0.7692307692307693,10.0,3.0,3.0,681.0,0.0,96.0,66.0,12.0,0.0,259.0,414.9599914550781
276,33901.0,0.9742489270386266,227.0,6.0,3.0,636.0,20.0,179.39999389648438,44.0,14.0,0.0,151.0,453.9326477050781
277,33905.0,0.9361702127659575,44.0,3.0,4.0,1106.0,24.0,260.0,0.0,22.0,0.30000001192092896,153.0,667.316650390625
278,33908.0,0.9411764705882353,16.0,1.0,4.0,640.0,0.0,188.0,0.0,19.0,0.0,207.0,649.5
279,33914.0,1.0,13.0,0.0,0.0,0.0,0.0,143.0,0.0,12.0,0.0,0.0,0.0
280,33914.0,1.0,13.0,0.0,4.0,1362.0,0.0,143.0,4.0,18.0,0.0,225.0,537.1412353515625
281,33915.0,0.6,9.0,6.0,0.0,3.0,0.0,145.0,3.0,12.0,1.0,2.0,6.951666831970215
282,33915.0,0.6,9.0,6.0,3.0,8.0,0.0,145.0,2.0,16.0,0.20000000298023224,2.0,6.951666831970215
283,33915.0,0.6,9.0,6.0,4.0,12.0,0.0,145.0,1.0,18.0,-0.5,2.0,6.951666831970215
284,33915.0,0.6,9.0,6.0,2.0,6.0,0.0,145.0,3.0,14.0,0.5,2.0,6.951666831970215
285,33915.0,0.6,9.0,6.0,1.0,5.0,0.0,145.0,3.0,12.0,1.0,2.0,6.951666831970215
286,33919.0,0.4,2.0,3.0,2.0,235.0,12.0,128.0,2.0,12.0,0.0,151.0,323.96875
287,33920.0,0.8333333333333334,5.0,1.0,0.0,0.0,0.0,113.0,0.0,14.0,0.0,0.0,0.0
288,33920.0,0.8333333333333334,5.0,1.0,4.0,585.0,0.0,113.0,41.0,14.0,0.0,150.0,283.0
289,33923.0,0.14285714285714285,5.0,30.0,1.0,641.0,0.0,142.0,21.0,12.0,0.0,208.0,494.0
290,33925.0,0.5,1.0,1.0,4.0,648.0,16.0,128.0,6.0,18.0,0.0,131.0,280.0
291,33927.0,0.9166666666666666,66.0,6.0,0.0,0.0,0.0,147.0,0.0,12.0,0.0,0.0,0.0
292,33927.0,0.9166666666666666,66.0,6.0,3.0,1392.0,4.0,147.0,0.0,18.0,0.0,281.0,688.938720703125
293,33927.0,0.9166666666666666,66.0,6.0,4.0,1983.0,0.0,147.0,4.0,22.0,0.0,281.0,688.938720703125
294,33927.0,0.9166666666666666,66.0,6.0,2.0,634.0,0.0,147.0,2.0,15.0,0.0,281.0,688.938720703125
295,33928.0,0.8461538461538461,11.0,2.0,4.0,1594.0,0.0,198.0,0.0,22.0,0.0,176.0,583.578369140625
296,33929.0,0.6923076923076923,18.0,8.0,4.0,2341.0,0.0,185.0,214.0,21.0,-0.25,265.0,819.5709228515625
297,33932.0,1.0,1.0,0.0,4.0,2623.0,108.0,210.0,2.0,22.0,-0.20000000298023224,268.0,940.0
298,33934.0,0.0,0.0,1.0,2.0,853.0,0.0,72.0,40.0,10.0,0.0,289.0,347.55999755859375
299,33937.0,0.5,1.0,1.0,3.0,111.0,0.0,70.0,0.0,12.0,0.0,99.0,116.5
300,33938.0,0.9,9.0,1.0,4.0,2.0,0.0,120.0,0.0,5.0,10.0,6.0,13.0
301,33939.0,0.9363057324840764,147.0,10.0,3.0,832.0,4.0,103.0,39.0,15.0,0.0,189.0,325.5982971191406
302,33939.0,0.9363057324840764,147.0,10.0,4.0,1007.0,4.0,103.0,29.0,19.0,0.10000000149011612,189.0,325.5982971191406
303,33939.0,0.9363057324840764,147.0,10.0,2.0,581.0,4.0,103.0,44.0,13.0,0.0,189.0,325.5982971191406
304,33941.0,0.5172413793103449,15.0,14.0,4.0,578.0,0.0,186.0,121.0,20.0,-0.20000000298023224,104.0,325.0
305,33942.0,1.0,2.0,0.0,3.0,258.0,22.0,100.0,118.0,15.0,0.0,112.0,187.0
306,33944.0,0.3125,5.0,11.0,4.0,177.0,0.0,120.0,3.0,17.0,0.0,10.0,20.0
307,33946.0,0.9737470167064439,1224.0,33.0,0.0,307.0,0.0,136.378,15.0,10.0,-1.0,219.0,500.0
308,33946.0,0.9737470167064439,1224.0,33.0,3.0,1120.0,0.0,136.378,43.0,15.0,0.0,219.0,500.0
309,33946.0,0.9737470167064439,1224.0,33.0,4.0,1358.0,18.0,136.378,23.0,17.0,-0.25,219.0,500.0
310,33946.0,0.9737470167064439,1224.0,33.0,2.0,756.0,0.0,136.378,27.0,12.0,0.5,219.0,500.0
311,33946.0,0.9737470167064439,1224.0,33.0,1.0,505.0,0.0,136.378,15.0,10.0,-1.0,219.0,500.0
312,33947.0,0.9166666666666666,11.0,1.0,4.0,1192.0,69.0,190.0,4.0,21.0,0.0,153.0,485.1666259765625
313,33948.0,0.9873737373737373,391.0,5.0,4.0,672.0,0.0,147.6300048828125,0.0,18.0,0.0,164.0,405.1279602050781
314,33949.0,0.9263157894736842,88.0,7.0,4.0,1506.0,24.0,174.0,135.0,18.0,0.0,287.0,834.75
315,33951.0,0.75,15.0,5.0,4.0,1132.0,0.0,185.0,36.0,20.0,0.0,165.0,509.07916259765625
316,33952.0,0.8666666666666667,26.0,4.0,4.0,786.0,13.0,183.0,44.0,22.0,0.25,131.0,402.45098876953125
317,33953.0,0.9032258064516129,28.0,3.0,0.0,124.0,31.0,104.0,20.0,9.0,0.6000000238418579,138.0,240.0
318,33953.0,0.9032258064516129,28.0,3.0,3.0,478.0,31.0,104.0,46.0,16.0,0.4699999988079071,138.0,240.0
319,33953.0,0.9032258064516129,28.0,3.0,4.0,584.0,31.0,104.0,46.0,18.0,0.30000001192092896,138.0,240.0
320,33953.0,0.9032258064516129,28.0,3.0,2.0,356.0,31.0,104.0,28.0,12.0,0.0,138.0,240.0
321,33953.0,0.9032258064516129,28.0,3.0,1.0,221.0,31.0,104.0,24.0,9.0,0.6000000238418579,138.0,240.0
322,33957.0,0.8620689655172413,25.0,4.0,3.0,298.0,0.0,93.0,14.0,12.0,0.0,92.0,144.0
323,33959.0,0.7857142857142857,11.0,3.0,3.0,669.0,0.0,145.0,8.0,17.0,0.6000000238418579,155.0,375.0
324,33959.0,0.7857142857142857,11.0,3.0,2.0,418.0,0.0,145.0,11.0,13.0,0.6000000238418579,155.0,375.0
325,33959.0,0.7857142857142857,11.0,3.0,1.0,251.0,0.0,145.0,12.0,10.0,0.6000000238418579,155.0,375.0
326,33960.0,0.3333333333333333,4.0,8.0,3.0,123.0,0.0,160.81199645996094,0.0,18.0,-0.30000001192092896,14.0,38.25
327,33960.0,0.3333333333333333,4.0,8.0,4.0,233.0,0.0,160.81199645996094,0.0,18.0,-0.30000001192092896,14.0,38.0625
328,33960.0,0.3333333333333333,4.0,8.0,2.0,137.0,0.0,160.81199645996094,0.0,18.0,-0.30000001192092896,14.0,38.0
329,33960.0,0.3333333333333333,4.0,8.0,1.0,254.0,0.0,160.81199645996094,0.0,18.0,-0.30000001192092896,14.0,38.125
330,33962.0,0.25,4.0,12.0,3.0,242.0,0.0,97.5999984741211,0.0,12.0,0.0,52.0,85.0
331,33964.0,1.0,19.0,0.0,4.0,1517.0,186.0,270.0,0.0,22.0,0.30000001192092896,202.0,910.0775146484375
332,33967.0,0.5,2.0,2.0,0.0,132.0,58.0,150.0,133.0,13.0,0.0,81.0,202.98001098632812
333,33967.0,0.5,2.0,2.0,3.0,204.0,82.0,150.0,148.0,16.0,0.0,83.0,207.75999450683594
334,33967.0,0.5,2.0,2.0,4.0,421.0,336.0,150.0,148.0,18.0,0.0,83.0,209.2400360107422
335,33967.0,0.5,2.0,2.0,2.0,199.0,72.0,150.0,149.0,15.0,0.0,82.0,206.97998046875
336,33967.0,0.5,2.0,2.0,1.0,194.0,80.0,150.0,143.0,14.0,0.0,82.0,207.0004425048828
337,33968.0,0.8125,13.0,3.0,0.0,309.0,0.0,180.0,224.0,10.0,1.0,189.0,569.7109985351562
338,33968.0,0.8125,13.0,3.0,4.0,974.0,0.0,180.0,136.0,18.0,0.4000000059604645,189.0,569.7109985351562
339,33968.0,0.8125,13.0,3.0,2.0,790.0,0.0,180.0,57.0,13.0,0.0,189.0,569.7109985351562
340,33969.0,0.7333333333333333,11.0,4.0,3.0,813.0,0.0,124.0,12.0,14.0,0.699999988079071,180.0,372.75
341,33969.0,0.7333333333333333,11.0,4.0,1.0,580.0,0.0,124.0,12.0,8.0,1.0,180.0,372.25
342,33970.0,0.9662921348314607,172.0,6.0,3.0,498.0,0.0,80.87999725341797,4.0,12.0,0.0,139.0,188.0
343,33971.0,1.0,8.0,0.0,2.0,594.0,0.0,176.0,11.0,15.0,0.0,202.0,592.625
344,33972.0,0.985663082437276,550.0,8.0,3.0,608.0,2.0,186.0,77.0,15.0,0.5,148.0,460.26483154296875
345,33973.0,0.9,9.0,1.0,4.0,941.0,8.0,114.0,20.0,18.0,0.30000001192092896,193.0,368.01300048828125
346,33974.0,0.9166666666666666,11.0,1.0,2.0,486.0,0.0,140.0,8996.0,12.0,1.0,234.0,548.25
347,33977.0,0.8,4.0,1.0,3.0,1308.0,0.0,153.0,76.0,10.0,0.0,158.0,403.875
348,33977.0,0.8,4.0,1.0,4.0,1308.0,0.0,153.0,76.0,10.0,0.0,158.0,403.75
349,33977.0,0.8,4.0,1.0,2.0,1308.0,0.0,153.0,76.0,10.0,0.0,158.0,403.75
350,33978.0,0.8055555555555556,58.0,14.0,4.0,1779.0,34.0,142.0,8.0,22.0,0.30000001192092896,244.0,578.4721069335938
351,33981.0,0.8787878787878788,29.0,4.0,4.0,1123.0,0.0,190.0,47.0,23.0,-0.10000000149011612,132.0,420.5
352,33982.0,0.6842105263157895,13.0,6.0,2.0,386.0,16.0,128.0,21.0,19.0,0.699999988079071,144.0,308.2133483886719
353,33984.0,0.9166666666666666,11.0,1.0,4.0,978.0,0.0,130.0,4.0,18.0,0.0,200.0,434.0
354,33985.0,1.0,3.0,0.0,3.0,587.0,0.0,90.0,0.0,20.0,0.0,213.0,320.2000427246094
355,33986.0,0.25,2.0,6.0,3.0,659.0,0.0,71.0,37.0,0.0,0.0,154.0,182.6666717529297
356,33988.0,0.5492957746478874,39.0,32.0,4.0,31.0,0.0,210.0,1.0,18.0,0.0,8.0,31.0
357,33990.0,0.9512195121951219,39.0,2.0,4.0,785.0,0.0,149.0,0.0,17.0,0.20000000298023224,155.0,386.5719909667969
358,33991.0,0.8987341772151899,71.0,8.0,4.0,3969.0,0.0,190.0,0.0,24.0,-0.20000000298023224,653.0,2068.0
359,33994.0,0.4152542372881356,49.0,69.0,4.0,103.0,3.0,120.0,8.0,20.0,0.0,18.0,37.0
360,33996.0,0.05555555555555555,1.0,17.0,4.0,193.0,181.0,175.0,12.0,18.0,0.0,41.0,120.25
361,33997.0,1.0,5.0,0.0,4.0,123.0,0.0,134.1999969482422,0.0,20.0,-0.5,46.0,104.75
362,33999.0,0.6666666666666666,4.0,2.0,4.0,1867.0,0.0,208.0,0.0,23.0,0.0,174.0,606.125
363,34000.0,0.75,9.0,3.0,3.0,524.0,6.0,199.0,2.0,19.0,0.0,116.0,387.163330078125
364,34000.0,0.75,9.0,3.0,4.0,712.0,0.0,199.0,3.0,19.0,0.0,92.0,308.163330078125
365,34000.0,0.75,9.0,3.0,2.0,656.0,10.0,199.0,3.0,17.0,0.0,92.0,308.163330078125
366,34001.0,1.0,6.0,0.0,4.0,2.0,59.0,120.0,1.0,5.0,10.0,9.0,19.0
367,34004.0,1.0,2.0,0.0,3.0,292.0,4.0,160.0,0.0,12.0,0.0,91.0,244.60000610351562
368,34005.0,1.0,6.0,0.0,4.0,1576.0,24.0,222.0,39.0,23.0,0.0,178.0,659.9815063476562
369,34006.0,0.9757174392935982,442.0,11.0,0.0,306.0,0.0,130.0,50.0,9.0,0.0,222.0,483.0
370,34006.0,0.9757174392935982,442.0,11.0,3.0,863.0,0.0,130.0,5.0,17.0,0.125,223.0,483.5
371,34006.0,0.9757174392935982,442.0,11.0,4.0,1035.0,0.0,130.0,7.0,19.0,-0.25,223.0,483.5
372,34006.0,0.9757174392935982,442.0,11.0,2.0,641.0,0.0,130.0,5.0,14.0,0.5,223.0,483.5
373,34006.0,0.9757174392935982,442.0,11.0,1.0,470.0,0.0,130.0,16.0,11.0,1.0,223.0,483.5
374,34008.0,0.9672131147540983,59.0,2.0,2.0,628.0,4.0,110.0,6.0,15.0,0.0,239.0,438.3599853515625
375,34009.0,0.7857142857142857,11.0,3.0,4.0,1697.0,8.0,170.0,6.0,20.0,0.0,209.0,592.1983032226562
376,34010.0,0.8125,13.0,3.0,3.0,1248.0,0.0,135.0,5.0,18.0,0.0,247.0,556.5
377,34011.0,0.48148148148148145,13.0,14.0,2.0,578.0,0.0,105.0,0.0,16.0,-0.30000001192092896,62.0,108.75
378,34012.0,0.6666666666666666,2.0,1.0,3.0,745.0,52.0,210.0,2572.0,13.0,0.0,192.0,675.25
379,34013.0,0.0,0.0,1.0,2.0,965.0,0.0,120.0,33.0,12.0,0.0,223.0,446.1619873046875
380,34014.0,0.3333333333333333,1.0,2.0,3.0,281.0,0.0,100.0,0.0,12.0,0.0,131.0,219.875
381,34018.0,0.3333333333333333,2.0,4.0,3.0,369.0,0.0,150.0,16.0,12.0,0.0,160.0,400.0
382,34020.0,0.8333333333333334,25.0,5.0,4.0,480.0,69.0,163.66700744628906,126.0,15.0,0.0,102.0,278.82733154296875
383,34021.0,0.5,1.0,1.0,3.0,911.0,45.0,131.0,15.0,12.0,0.0,227.0,496.502197265625
384,34021.0,0.5,1.0,1.0,1.0,635.0,22.0,131.0,13.0,12.0,0.0,227.0,496.502197265625
385,34022.0,1.0,2.0,0.0,2.0,499.0,0.0,103.0,8.0,12.0,0.0,205.0,353.0
386,34024.0,0.9655172413793104,28.0,1.0,0.0,104.0,20.0,73.0,6.0,12.0,0.0,132.0,161.0
387,34024.0,0.9655172413793104,28.0,1.0,2.0,300.0,16.0,73.0,6.0,12.0,0.0,132.0,161.0
388,34025.0,0.5,1.0,1.0,4.0,2301.0,120.0,208.0,138.0,23.0,0.0,174.0,606.0
389,34026.0,0.8,4.0,1.0,4.0,390.0,0.0,95.0,14.0,24.0,0.0,113.0,179.73423767089844
390,34027.0,1.0,2.0,0.0,0.0,0.0,0.0,150.0,0.0,20.0,0.0,0.0,0.0
391,34027.0,1.0,2.0,0.0,4.0,935.0,34.0,150.0,66.0,20.0,0.0,163.0,408.07501220703125
392,34031.0,0.0,0.0,7.0,4.0,276.0,34.0,220.0,45.0,24.0,0.0,58.0,215.94268798828125
393,34032.0,0.8333333333333334,10.0,2.0,3.0,170.0,0.0,123.40399932861328,0.0,18.0,-0.30000001192092896,25.0,52.0
394,34033.0,0.5384615384615384,7.0,6.0,4.0,15.0,0.0,111.0,0.0,19.0,-0.4000000059604645,2.0,4.706250190734863
395,34034.0,0.9595015576323987,308.0,13.0,3.0,717.0,0.0,142.5500030517578,50.0,16.0,0.0,177.0,422.2690124511719
396,34035.0,0.8947368421052632,17.0,2.0,4.0,1018.0,44.0,140.0,76.0,19.0,-0.30000001192092896,146.0,340.8125
397,34036.0,0.6666666666666666,4.0,2.0,2.0,644.0,12.0,128.0,23.0,19.0,0.0,166.0,356.0
398,34037.0,0.25,1.0,3.0,3.0,212.0,0.0,125.0,0.0,12.0,0.0,63.0,131.375
399,34038.0,0.5714285714285714,8.0,6.0,4.0,750.0,0.0,190.8820037841797,0.0,18.0,-0.30000001192092896,43.0,139.4296112060547
400,34039.0,0.375,3.0,5.0,3.0,472.0,0.0,50.0,0.0,12.0,0.0,151.0,126.0
401,34040.0,0.9601769911504425,217.0,9.0,3.0,607.0,0.0,200.4409942626953,33.0,16.0,0.5,143.0,478.10137939453125
402,34041.0,0.8780487804878049,36.0,5.0,4.0,2075.0,14.0,200.0,15.0,21.0,0.0,283.0,944.0333251953125
403,34043.0,1.0,5.0,0.0,4.0,2164.0,0.0,300.0,374.0,24.0,0.5,129.0,649.875
404,34044.0,1.0,6.0,0.0,4.0,103.0,0.0,128.0,0.0,18.0,0.0,21.0,45.0625
405,34045.0,0.5,4.0,4.0,4.0,1870.0,0.0,220.0,0.0,22.0,0.0,149.0,549.4866943359375
406,34046.0,0.9583333333333334,23.0,1.0,4.0,1885.0,0.0,224.0,63.0,22.0,0.0,275.0,1029.552001953125
407,34047.0,0.28125,18.0,46.0,3.0,257.0,2.0,124.0,424.0,20.0,0.4000000059604645,93.0,193.44000244140625
408,34048.0,0.8888888888888888,8.0,1.0,4.0,1230.0,14.0,168.0,66.0,15.0,0.0,253.0,709.625
409,34049.0,0.9811320754716981,52.0,1.0,3.0,853.0,0.0,170.0,45.0,18.0,0.0,278.0,789.0
410,34050.0,0.967741935483871,60.0,2.0,0.0,0.0,0.0,120.0,0.0,19.0,0.30000001192092896,0.0,0.0
411,34050.0,0.967741935483871,60.0,2.0,4.0,1166.0,52.0,120.0,168.0,19.0,0.30000001192092896,289.0,579.010009765625
412,34051.0,0.8333333333333334,5.0,1.0,4.0,255.0,0.0,101.0,4.0,20.0,0.0,43.0,73.3125
413,34053.0,0.9649122807017544,55.0,2.0,4.0,1223.0,0.0,125.0,8.0,18.0,0.0,263.0,549.0
414,34054.0,0.42857142857142855,12.0,16.0,3.0,1112.0,0.0,164.0,16.0,12.0,0.0,304.0,831.0
415,34055.0,1.0,2.0,0.0,2.0,398.0,0.0,70.0,25.0,12.0,0.0,153.0,179.5
416,34056.0,0.25,2.0,6.0,3.0,803.0,144.0,120.0,21.0,0.0,0.0,203.0,406.0
417,34057.0,0.6666666666666666,4.0,2.0,4.0,5254.0,0.0,320.0,200.0,24.0,-1.0,496.0,2648.159912109375
418,34058.0,0.9923076923076923,258.0,2.0,4.0,921.0,0.0,120.0,13.0,16.0,-0.25,210.0,420.5
419,34061.0,0.9090909090909091,10.0,1.0,3.0,230.0,0.0,189.0,6.0,20.0,-0.20000000298023224,41.0,129.5
420,34063.0,1.0,6.0,0.0,4.0,1913.0,0.0,116.0,0.0,19.0,0.30000001192092896,228.0,441.88726806640625
421,34064.0,0.8902439024390244,73.0,9.0,4.0,442.0,8.0,135.0,6.0,18.0,0.0,115.0,260.0
422,34067.0,1.0,13.0,0.0,4.0,147.0,84.0,120.0,9.0,20.0,0.0,34.0,68.5625
423,34068.0,0.9410187667560321,351.0,22.0,0.0,282.0,0.0,175.0,105.0,12.0,0.0,158.0,461.3487854003906
424,34068.0,0.9410187667560321,351.0,22.0,3.0,539.0,48.0,175.0,86.0,16.0,0.699999988079071,158.0,461.3487854003906
425,34068.0,0.9410187667560321,351.0,22.0,4.0,653.0,50.0,175.0,84.0,21.0,-0.20000000298023224,158.0,461.3487854003906
426,34068.0,0.9410187667560321,351.0,22.0,2.0,470.0,4.0,175.0,98.0,14.0,1.2000000476837158,158.0,461.3487854003906
427,34068.0,0.9410187667560321,351.0,22.0,1.0,324.0,0.0,175.0,103.0,12.0,0.0,158.0,461.3487854003906
428,34069.0,0.6666666666666666,16.0,8.0,3.0,1660.0,112.0,257.0,30.0,25.0,0.0,137.0,587.164306640625
429,34069.0,0.6666666666666666,16.0,8.0,4.0,1704.0,112.0,257.0,30.0,25.0,0.0,137.0,586.9144287109375
430,34069.0,0.6666666666666666,16.0,8.0,2.0,1151.0,133.0,257.0,24.0,24.0,0.10000000149011612,137.0,587.164306640625
431,34069.0,0.6666666666666666,16.0,8.0,1.0,882.0,129.0,257.0,24.0,24.0,0.10000000149011612,137.0,587.164306640625
432,34070.0,1.0,3.0,0.0,1.0,0.0,0.0,126.0,0.0,12.0,0.0,0.0,0.0
433,34074.0,1.0,11.0,0.0,3.0,696.0,178.0,133.0,0.0,14.0,0.0,190.0,422.56207275390625
434,34074.0,1.0,11.0,0.0,4.0,800.0,174.0,133.0,0.0,16.0,0.0,190.0,422.56207275390625
435,34075.0,0.9836065573770492,60.0,1.0,3.0,830.0,0.0,128.0,93.0,15.0,0.0,224.0,478.0
436,34076.0,0.75,24.0,8.0,3.0,1520.0,0.0,245.0,22.0,21.0,0.25,135.0,552.3471069335938
437,34076.0,0.75,24.0,8.0,4.0,1720.0,10.0,245.0,22.0,23.5,0.0,135.0,552.3471069335938
438,34076.0,0.75,24.0,8.0,2.0,965.0,0.0,245.0,22.0,18.0,-1.0,135.0,552.3471069335938
439,34077.0,0.8571428571428571,6.0,1.0,4.0,1966.0,528.0,172.0,640.0,22.0,0.0,290.0,832.3778686523438
440,34081.0,0.6,3.0,2.0,0.0,0.0,0.0,123.0,0.0,12.0,0.0,0.0,0.0
441,34081.0,0.6,3.0,2.0,1.0,249.0,24.0,123.0,480.0,12.0,0.0,157.0,322.96875
442,34082.0,1.0,1.0,0.0,3.0,1290.0,2881.0,182.0,18.0,20.0,0.0,89.0,271.7527770996094
443,34082.0,1.0,1.0,0.0,4.0,1290.0,2869.0,182.0,3650.0,20.0,0.0,89.0,271.7527770996094
444,34083.0,0.6923076923076923,9.0,4.0,4.0,1990.0,0.0,180.0,12.0,23.0,-0.30000001192092896,225.0,675.5009765625
445,34084.0,0.8888888888888888,8.0,1.0,4.0,2091.0,23.0,200.0,57.0,23.0,-0.30000001192092896,212.0,706.7333374023438
446,34085.0,1.0,20.0,0.0,4.0,2201.0,4.0,270.0,72.0,22.0,0.30000001192092896,210.0,948.0075073242188
447,34086.0,0.9607843137254902,196.0,8.0,4.0,621.0,0.0,150.88999938964844,6.0,18.0,0.0,155.0,391.8683166503906
448,34087.0,0.7857142857142857,11.0,3.0,0.0,976.0,37.0,170.0,21.0,20.0,-0.25,132.0,374.7166748046875
449,34087.0,0.7857142857142857,11.0,3.0,4.0,884.0,173.0,170.0,4.0,20.0,-0.25,132.0,375.7166748046875
450,34088.0,0.8888888888888888,16.0,2.0,3.0,808.0,4.0,155.0,6.0,16.0,0.0,118.0,306.5991516113281
451,34088.0,0.8888888888888888,16.0,2.0,4.0,844.0,4.0,155.0,6.0,18.0,0.0,118.0,306.5991516113281
452,34089.0,0.6215139442231076,156.0,95.0,3.0,2719.0,118.0,200.0,74.0,23.0,-0.4000000059604645,292.0,974.2291870117188
453,34089.0,0.6215139442231076,156.0,95.0,4.0,3178.0,88.0,200.0,56.0,23.0,-0.4000000059604645,292.0,974.2291870117188
454,34090.0,0.9166666666666666,11.0,1.0,4.0,735.0,16.0,180.0,38.0,18.0,0.0,112.0,336.0
455,34092.0,0.9333333333333333,14.0,1.0,4.0,2511.0,4.0,250.0,61.0,23.0,0.0,270.0,1128.5
456,34095.0,0.8857142857142857,31.0,4.0,4.0,1000.0,101.0,185.0,15.0,21.0,0.0,143.0,443.6508483886719
457,34098.0,0.9545454545454546,21.0,1.0,4.0,1502.0,18.0,205.0,11.0,20.0,0.20000000298023224,199.0,683.2425537109375
458,34099.0,1.0,1.0,0.0,4.0,2.0,0.0,120.0,11.0,5.0,10.0,8.0,17.0
459,34100.0,0.8333333333333334,15.0,3.0,3.0,554.0,0.0,170.0,67.0,18.0,0.30000001192092896,159.0,453.23516845703125
460,34100.0,0.8333333333333334,15.0,3.0,4.0,707.0,0.0,170.0,67.0,22.0,0.30000001192092896,159.0,453.23516845703125
461,34101.0,0.9767441860465116,42.0,1.0,4.0,3230.0,4.0,200.0,15.0,20.0,0.0,421.0,1405.3319091796875
462,34102.0,0.7083333333333334,17.0,7.0,1.0,445.0,0.0,200.0,0.0,12.0,0.0,117.0,390.6875
463,34105.0,0.5681818181818182,50.0,38.0,4.0,322.0,6.0,120.0,17.0,19.0,-0.699999988079071,26.0,52.521244049072266
464,34106.0,0.5384615384615384,7.0,6.0,3.0,578.0,230.0,160.0,55.0,18.0,0.0,159.0,424.0
465,34107.0,1.0,6.0,0.0,0.0,159.0,0.0,126.0,0.0,11.0,1.0,132.0,278.0
466,34107.0,1.0,6.0,0.0,3.0,498.0,179.0,126.0,0.0,15.0,0.0,133.0,279.5
467,34107.0,1.0,6.0,0.0,4.0,635.0,181.0,126.0,0.0,18.0,0.0,133.0,279.75
468,34107.0,1.0,6.0,0.0,2.0,365.0,179.0,126.0,0.0,14.0,0.25,133.0,279.75
469,34107.0,1.0,6.0,0.0,1.0,196.0,0.0,126.0,0.0,12.0,0.75,132.0,278.0
470,34108.0,0.88,44.0,6.0,0.0,0.0,0.0,140.0,0.0,21.0,0.20000000298023224,0.0,0.0
471,34108.0,0.88,44.0,6.0,3.0,991.0,0.0,140.0,39.0,20.0,-0.4000000059604645,187.0,436.6433410644531
472,34108.0,0.88,44.0,6.0,4.0,1697.0,4.0,140.0,4.0,21.0,0.20000000298023224,187.0,436.6433410644531
473,34109.0,1.0,11.0,0.0,0.0,129.0,0.0,108.0,0.0,10.0,1.0,145.0,261.0
474,34109.0,1.0,11.0,0.0,3.0,434.0,0.0,108.0,11.0,14.0,0.0,145.0,261.0
475,34109.0,1.0,11.0,0.0,4.0,534.0,0.0,108.0,11.0,18.0,0.75,145.0,261.0
476,34109.0,1.0,11.0,0.0,2.0,318.0,0.0,108.0,11.0,15.0,0.0,145.0,261.0
477,34109.0,1.0,11.0,0.0,1.0,202.0,0.0,108.0,0.0,11.0,0.25,145.0,261.0
478,34110.0,0.9649122807017544,55.0,2.0,4.0,587.0,12.0,150.0,37.0,13.0,0.0,117.0,293.0
479,34111.0,0.9597701149425287,167.0,7.0,3.0,164.0,4.0,90.38700103759766,17.0,12.899999618530273,0.0,57.0,87.0
480,34115.0,0.6,3.0,2.0,3.0,930.0,0.0,300.0,0.0,25.0,0.30000001192092896,26.0,134.4375
481,34115.0,0.6,3.0,2.0,4.0,897.0,0.0,300.0,0.0,25.0,0.30000001192092896,26.0,134.375
482,34117.0,0.9795081967213115,239.0,5.0,3.0,681.0,28.0,156.0,52.0,16.0,0.0,149.0,389.5050048828125
483,34118.0,1.0,4.0,0.0,4.0,2405.0,0.0,300.0,0.0,25.0,0.30000001192092896,64.0,322.75
484,34120.0,0.8285714285714286,29.0,6.0,4.0,395.0,842.0,148.0,3074.0,20.0,0.0,125.0,308.6875
485,34123.0,0.8571428571428571,6.0,1.0,4.0,878.0,0.0,150.0,6567.0,18.0,0.0,224.0,562.0
486,34124.0,0.9791666666666666,47.0,1.0,4.0,1165.0,0.0,175.0,16.0,14.0,0.0,264.0,771.75
487,34125.0,0.7142857142857143,25.0,10.0,2.0,901.0,4.0,100.0,0.0,12.0,0.0,376.0,627.9500122070312
488,34126.0,0.9683544303797469,153.0,5.0,3.0,705.0,13.0,146.8040008544922,66.0,12.0,0.0,174.0,426.5
489,34128.0,0.9473684210526315,36.0,2.0,4.0,1566.0,0.0,260.0,0.0,20.0,0.4000000059604645,227.0,987.0
490,34129.0,0.5,2.0,2.0,3.0,707.0,0.0,125.0,23.0,12.0,0.0,185.0,386.5
491,34129.0,0.5,2.0,2.0,2.0,657.0,0.0,125.0,23.0,12.0,0.0,185.0,386.5
492,34131.0,0.9851668726823238,797.0,12.0,0.0,271.0,0.0,171.0,15.0,10.0,0.0,195.0,558.0
493,34131.0,0.9851668726823238,797.0,12.0,3.0,594.0,44.0,171.0,33.0,17.0,0.5,195.0,558.0
494,34131.0,0.9851668726823238,797.0,12.0,2.0,457.0,16.0,171.0,25.0,13.0,1.0,195.0,558.0
495,34133.0,0.92,23.0,2.0,3.0,770.0,0.0,120.0,6.0,12.0,0.0,201.0,403.0
496,34133.0,0.92,23.0,2.0,4.0,909.0,0.0,120.0,6.0,16.0,0.0,201.0,403.0
497,34135.0,0.8125,13.0,3.0,4.0,1296.0,0.0,280.0,19.0,21.0,0.0,107.0,503.57684326171875
498,34136.0,0.8947368421052632,17.0,2.0,4.0,759.0,20.0,130.0,0.0,18.0,0.0,126.0,274.25
499,34141.0,0.5,4.0,4.0,3.0,656.0,214.0,144.0,346.0,19.0,0.0,213.0,513.0
500,34142.0,1.0,2.0,0.0,4.0,381.0,8.0,190.0,9.0,12.0,0.0,93.0,297.45001220703125
501,34143.0,0.0,0.0,1.0,0.0,326.0,0.0,97.0,41.0,10.0,0.0,223.0,360.75
502,34143.0,0.0,0.0,1.0,2.0,600.0,0.0,97.0,80.0,10.0,0.0,223.0,360.75
503,34148.0,0.8846153846153846,23.0,3.0,4.0,1797.0,4.0,200.0,24.0,21.0,0.0,248.0,827.9566650390625
504,34149.0,0.23255813953488372,10.0,33.0,4.0,712.0,18.0,127.9990005493164,25.0,12.0,0.0,151.0,323.0
505,34150.0,0.2727272727272727,3.0,8.0,1.0,72.0,0.0,113.5,0.0,12.0,0.0,19.0,37.75
506,34151.0,0.36363636363636365,4.0,7.0,4.0,842.0,163.0,150.0,24.0,12.0,0.0,154.0,386.375
507,34153.0,0.5,3.0,3.0,3.0,903.0,988.0,180.0,133.0,0.0,0.0,256.0,770.0
508,34154.0,0.9066666666666666,68.0,7.0,4.0,1534.0,2.0,149.0,0.0,18.0,0.0,232.0,577.8443603515625
509,34155.0,0.7142857142857143,5.0,2.0,3.0,851.0,0.0,132.0,34.0,12.0,0.0,209.0,459.8900146484375
510,34156.0,0.8518518518518519,23.0,4.0,0.0,373.0,0.0,340.0,8.0,12.0,0.0,271.0,1537.0
511,34156.0,0.8518518518518519,23.0,4.0,3.0,921.0,58.0,340.0,85.0,12.0,0.0,271.0,1537.0
512,34156.0,0.8518518518518519,23.0,4.0,1.0,524.0,28.0,340.0,13.0,12.0,0.0,271.0,1537.0
513,34157.0,0.8,4.0,1.0,3.0,676.0,138.0,132.0,166.0,10.0,0.0,220.0,485.69000244140625
514,34159.0,0.6428571428571429,9.0,5.0,3.0,744.0,12.0,100.0,23.0,19.0,0.0,210.0,351.5
515,34159.0,0.6428571428571429,9.0,5.0,2.0,590.0,12.0,100.0,23.0,15.0,0.0,210.0,351.5
516,34160.0,0.9785407725321889,228.0,5.0,3.0,841.0,0.0,147.0,33.0,14.0,0.0,191.0,469.0
517,34160.0,0.9785407725321889,228.0,5.0,2.0,767.0,0.0,147.0,33.0,10.0,0.0,191.0,469.0
518,34161.0,1.0,11.0,0.0,2.0,216.0,0.0,125.0,0.0,15.0,0.0,86.0,179.21875
519,34162.0,0.868421052631579,33.0,5.0,4.0,2111.0,0.0,165.0,414.0,21.0,-0.20000000298023224,252.0,695.59375
520,34164.0,0.896551724137931,26.0,3.0,4.0,183.0,4.0,120.0,0.0,18.0,0.0,30.0,60.9375
521,34165.0,0.6774193548387096,21.0,10.0,3.0,592.0,6.0,94.0,43.0,10.0,0.0,145.0,227.5
522,34166.0,0.4,2.0,3.0,4.0,1091.0,0.0,144.0,41.0,14.0,0.0,161.0,387.9375
523,34168.0,0.25,1.0,3.0,4.0,1553.0,513.0,160.0,20.0,22.0,0.0,204.0,544.002685546875
524,34169.0,0.9259259259259259,25.0,2.0,4.0,2064.0,0.0,150.0,20.0,22.0,-0.400000005960464,273.0,684.0
525,34170.0,0.8782608695652174,101.0,14.0,4.0,182.0,0.0,175.0,5.0,18.5,-0.3499999940395355,26.0,76.0625
526,34170.0,0.8782608695652174,101.0,14.0,2.0,86.0,0.0,175.0,0.0,13.0,-0.20000000298023224,26.0,76.0625
527,34175.0,0.0,0.0,1.0,3.0,582.0,0.0,240.0,0.0,12.0,0.0,204.0,817.0
528,34176.0,0.8636363636363636,19.0,3.0,4.0,1576.0,0.0,150.0,19.0,18.0,0.0,251.0,627.75
529,34178.0,0.6666666666666666,6.0,3.0,4.0,1657.0,19.0,212.0,35.0,23.0,0.0,232.0,822.0706787109375
530,34179.0,0.9736842105263158,37.0,1.0,3.0,755.0,0.0,170.0,0.0,18.0,0.0,204.0,580.0
531,34184.0,0.9615384615384616,50.0,2.0,3.0,1374.0,10.0,150.0,4.0,16.0,0.0,251.0,628.135009765625
532,34186.0,1.0,3.0,0.0,3.0,460.0,96.0,140.0,32.0,12.0,0.0,142.0,333.0
533,34187.0,1.0,66.0,0.0,4.0,802.0,0.0,124.0,4.0,16.5,0.0,190.0,394.03125
534,34190.0,0.8666666666666667,26.0,4.0,4.0,1700.0,15.0,282.0,0.0,22.0,0.30000001192092896,132.0,622.1644897460938
535,34191.0,0.3333333333333333,2.0,4.0,4.0,877.0,24.0,280.0,0.0,19.0,0.20000000298023224,121.0,568.2733154296875
536,34192.0,0.75,3.0,1.0,3.0,510.0,0.0,157.00999450683594,77.0,12.0,0.0,130.0,340.25
537,34192.0,0.75,3.0,1.0,2.0,340.0,0.0,157.00999450683594,119.0,12.0,0.0,124.0,326.25
538,34193.0,0.9788732394366197,139.0,3.0,3.0,800.0,0.0,100.28600311279297,0.0,16.0,0.20000000298023224,234.0,391.1380615234375
539,34194.0,0.76,19.0,6.0,3.0,377.0,0.0,120.0,0.0,16.0,0.0,124.0,248.25399780273438
540,34195.0,0.8602150537634409,80.0,13.0,0.0,8.0,0.0,110.0,0.0,10.0,1.0,6.0,12.0
541,34195.0,0.8602150537634409,80.0,13.0,3.0,17.0,0.0,110.0,1.0,16.0,-0.5,6.0,12.0
542,34195.0,0.8602150537634409,80.0,13.0,4.0,25.0,0.0,110.0,1.0,18.0,0.33000001311302185,6.0,12.0
543,34195.0,0.8602150537634409,80.0,13.0,2.0,14.0,0.0,110.0,1.0,14.0,-0.33000001311302185,6.0,12.000000953674316
544,34195.0,0.8602150537634409,80.0,13.0,1.0,11.0,0.0,110.0,1.0,12.0,0.5,6.0,12.0
545,34196.0,0.696969696969697,23.0,10.0,4.0,2278.0,280.0,200.0760040283203,10.0,22.0,0.0,129.0,430.68768310546875
546,34197.0,0.8571428571428571,6.0,1.0,3.0,964.0,34.0,126.0,17.0,13.199999809265137,0.0,220.0,462.0
547,34201.0,0.975,39.0,1.0,4.0,2049.0,0.0,200.0,0.0,22.0,0.15000000596046448,255.0,850.0833129882812
548,34202.0,0.48739495798319327,58.0,61.0,4.0,764.0,0.0,130.0,7.0,14.0,0.0,184.0,399.0
549,34203.0,0.9090909090909091,60.0,6.0,3.0,1293.0,82.0,130.0,16.0,16.0,0.0,325.0,706.0
550,34203.0,0.9090909090909091,60.0,6.0,4.0,1352.0,92.0,130.0,16.0,16.0,0.0,325.0,706.0
551,34204.0,0.9396551724137931,109.0,7.0,3.0,448.0,0.0,128.0,38.0,10.0,0.0,208.0,443.99920654296875
552,34204.0,0.9396551724137931,109.0,7.0,4.0,641.0,0.0,128.0,35.0,10.0,0.0,208.0,443.99920654296875
553,34206.0,0.8333333333333334,5.0,1.0,0.0,146.0,12.0,126.0,8.0,12.0,0.0,86.0,181.6699981689453
554,34207.0,0.7142857142857143,15.0,6.0,3.0,507.0,48.0,120.0,18.0,12.0,1.5,138.0,276.0
555,34207.0,0.7142857142857143,15.0,6.0,2.0,446.0,48.0,120.0,18.0,12.0,1.5,138.0,276.0
556,34208.0,0.7714285714285715,27.0,8.0,4.0,1006.0,0.0,158.0,10.0,18.0,0.0,211.0,557.1697387695312
557,34212.0,0.75,3.0,1.0,4.0,1003.0,0.0,156.0,71.0,12.0,0.0,247.0,642.75
558,34213.0,0.6363636363636364,7.0,4.0,3.0,695.0,136.0,124.0,143.0,20.0,-0.6000000238418579,199.0,412.25
559,34218.0,0.9090909090909091,10.0,1.0,3.0,723.0,0.0,169.0,21.0,18.0,1.0,171.0,482.0
560,34219.0,0.9302325581395349,40.0,3.0,3.0,548.0,12.0,135.0,2.0,18.0,0.0,192.0,434.0
561,34219.0,0.9302325581395349,40.0,3.0,4.0,698.0,12.0,135.0,2.0,18.0,0.0,192.0,434.0
562,34220.0,0.8846153846153846,23.0,3.0,3.0,781.0,4.0,280.0,15.0,16.0,0.75,166.0,778.5333251953125
563,34220.0,0.8846153846153846,23.0,3.0,4.0,958.0,19.0,280.0,11.0,20.5,-0.5,166.0,778.5333251953125
564,34220.0,0.8846153846153846,23.0,3.0,2.0,614.0,3.0,280.0,22.0,12.0,0.75,166.0,778.5333251953125
565,34221.0,0.5,4.0,4.0,3.0,1043.0,43.0,126.0,23.0,20.0,1.0,216.0,455.0
566,34223.0,1.0,5.0,0.0,4.0,742.0,120.0,122.0,11.0,20.0,0.0,206.0,419.875
567,34225.0,0.8571428571428571,6.0,1.0,4.0,742.0,120.0,122.0,11.0,20.0,0.0,206.0,419.875
568,34226.0,0.5,3.0,3.0,0.0,632.0,0.0,160.0,0.0,12.0,0.0,73.0,194.75
569,34227.0,1.0,2.0,0.0,0.0,0.0,0.0,120.0,0.0,0.0,0.0,0.0,0.0
570,34227.0,1.0,2.0,0.0,3.0,197.0,0.0,120.0,24.0,20.0,0.0,28.0,56.59999465942383
571,34227.0,1.0,2.0,0.0,4.0,300.0,0.0,120.0,24.0,22.0,0.0,28.0,56.800052642822266
572,34227.0,1.0,2.0,0.0,2.0,130.0,0.0,120.0,24.0,18.0,0.0,28.0,56.599998474121094
573,34227.0,1.0,2.0,0.0,1.0,88.0,0.0,120.0,24.0,16.0,0.0,28.0,56.599998474121094
574,34228.0,0.9315068493150684,68.0,5.0,3.0,2538.0,0.0,210.0,23.0,25.0,-0.30000001192092896,255.0,894.1749877929688
575,34228.0,0.9315068493150684,68.0,5.0,4.0,2483.0,99.0,210.0,67.0,23.0,-0.25,304.0,1067.175048828125
576,34228.0,0.9315068493150684,68.0,5.0,2.0,2562.0,235.0,210.0,100.0,23.0,-0.25,257.0,900.6749877929688
577,34229.0,1.0,6.0,0.0,3.0,743.0,66.0,130.0,56.0,15.0,0.0,232.0,503.171875
578,34231.0,0.9,27.0,3.0,4.0,1724.0,16.0,192.0,11.0,22.0,0.0,324.0,1038.416015625
579,34235.0,0.8648648648648649,32.0,5.0,4.0,1417.0,0.0,160.0,88.0,20.0,0.0,225.0,600.0
580,34237.0,0.9647887323943662,137.0,5.0,0.0,148.0,0.0,169.9499969482422,21.0,8.0,0.0,169.0,478.9375
581,34237.0,0.9647887323943662,137.0,5.0,3.0,618.0,0.0,169.9499969482422,24.0,13.0,0.5,169.0,478.9375
582,34237.0,0.9647887323943662,137.0,5.0,2.0,444.0,0.0,169.9499969482422,24.0,12.0,0.5,169.0,478.9375
583,34237.0,0.9647887323943662,137.0,5.0,1.0,208.0,0.0,169.9499969482422,21.0,10.0,0.0,169.0,478.9375
584,34241.0,0.1,1.0,9.0,3.0,1090.0,474.0,224.0,34.0,15.0,0.0,193.0,721.0
585,34243.0,0.8888888888888888,8.0,1.0,3.0,275.0,18.0,87.0,11.0,11.0,0.0,87.0,126.80075073242188
586,34244.0,0.5,3.0,3.0,3.0,381.0,8.0,190.0,9.0,18.0,0.0,93.0,297.45001220703125
587,34246.0,0.3,3.0,7.0,3.0,480.0,0.0,135.0,2.0,16.0,0.0,124.0,279.5588073730469
588,34246.0,0.3,3.0,7.0,4.0,566.0,8.0,135.0,2.0,18.0,0.0,124.0,279.5588073730469
589,34248.0,0.2222222222222222,2.0,7.0,3.0,226.0,0.0,129.0,0.0,12.0,0.0,92.0,199.0
590,34249.0,0.13333333333333333,2.0,13.0,3.0,1984.0,18.0,205.27999877929688,35.0,20.0,0.0,133.0,456.5625
591,34249.0,0.13333333333333333,2.0,13.0,4.0,3682.0,88.0,205.27999877929688,58.0,20.0,0.0,133.0,456.53851318359375
592,34250.0,0.8947368421052632,17.0,2.0,4.0,997.0,0.0,144.0,32.0,12.0,0.0,241.0,580.0
593,34252.0,0.9375,15.0,1.0,0.0,8.0,0.0,87.0,2.0,15.0,0.0,3.0,5.0
594,34253.0,0.25,1.0,3.0,3.0,150.0,0.0,140.0,0.0,12.0,0.0,81.0,190.25
595,34256.0,0.9,36.0,4.0,4.0,2248.0,637.0,174.0,359.0,23.0,-0.20000000298023224,311.0,903.71875
596,34264.0,0.6666666666666666,2.0,1.0,4.0,905.0,141.0,200.0,59.0,20.0,0.0,222.0,743.0
597,34266.0,0.5,4.0,4.0,3.0,26.0,0.0,120.0,0.0,5.0,-0.30000001192092896,10.0,21.0
598,34267.0,0.9154929577464789,65.0,6.0,3.0,796.0,32.0,192.0,0.0,20.0,0.30000001192092896,170.0,545.0
599,34267.0,0.9154929577464789,65.0,6.0,4.0,798.0,32.0,192.0,164.0,20.0,0.30000001192092896,170.0,545.0
600,34268.0,0.4,2.0,3.0,3.0,122.0,0.0,66.0,0.0,12.0,0.0,68.0,75.25
601,34270.0,0.9811320754716981,104.0,2.0,3.0,704.0,4.0,128.0,346.0,20.0,0.4000000059604645,184.0,393.9266662597656
602,34270.0,0.9811320754716981,104.0,2.0,2.0,704.0,4.0,128.0,346.0,16.0,-0.20000000298023224,184.0,393.9266662597656
603,34271.0,0.6551724137931034,19.0,10.0,4.0,2722.0,56.0,300.0,53.0,27.0,0.30000001192092896,234.0,1174.357421875
604,34274.0,0.888235294117647,151.0,19.0,3.0,508.0,0.0,103.8239974975586,7.0,15.0,0.0,151.0,263.0
605,34275.0,0.8837209302325582,38.0,5.0,3.0,390.0,0.0,120.0,26.0,14.0,0.0,100.0,200.5
606,34275.0,0.8837209302325582,38.0,5.0,4.0,474.0,0.0,120.0,52.0,18.0,0.0,100.0,200.5
607,34275.0,0.8837209302325582,38.0,5.0,2.0,213.0,0.0,120.0,19.0,10.0,0.0,100.0,200.5
608,34278.0,0.0,0.0,11.0,3.0,375.0,0.0,120.0,0.0,12.0,0.0,66.0,132.25
609,34279.0,0.7142857142857143,10.0,4.0,3.0,803.0,0.0,120.0,3.0,17.0,-0.30000001192092896,169.0,339.0
610,34282.0,0.8518518518518519,23.0,4.0,3.0,1225.0,0.0,201.0,0.0,12.0,0.0,109.0,366.583740234375
611,34282.0,0.8518518518518519,23.0,4.0,4.0,1235.0,0.0,201.0,0.0,22.0,-0.4000000059604645,109.0,366.5837707519531
612,34282.0,0.8518518518518519,23.0,4.0,2.0,735.0,0.0,201.0,0.0,12.0,0.0,109.0,366.5837097167969
613,34285.0,1.0,6.0,0.0,4.0,88.0,0.0,150.0,1.0,22.0,-0.10000000149011612,8.0,21.227947235107422
614,34287.0,0.5,2.0,2.0,0.0,276.0,0.0,208.0,0.0,23.0,0.0,46.0,162.06497192382812
615,34287.0,0.5,2.0,2.0,3.0,420.0,0.0,208.0,0.0,23.0,0.0,46.0,162.06497192382812
616,34287.0,0.5,2.0,2.0,4.0,556.0,0.0,208.0,0.0,23.0,0.0,46.0,162.06497192382812
617,34287.0,0.5,2.0,2.0,2.0,418.0,0.0,208.0,0.0,23.0,0.0,46.0,162.06497192382812
618,34287.0,0.5,2.0,2.0,1.0,280.0,0.0,208.0,0.0,23.0,0.0,46.0,161.89828491210938
619,34289.0,0.8571428571428571,6.0,1.0,3.0,610.0,0.0,145.0,6.0,15.0,0.0,246.0,595.0
620,34289.0,0.8571428571428571,6.0,1.0,2.0,478.0,0.0,145.0,6.0,12.0,0.0,246.0,595.0
621,34289.0,0.8571428571428571,6.0,1.0,1.0,221.0,0.0,145.0,0.0,10.0,0.0,246.0,595.0
622,34291.0,1.0,1.0,0.0,0.0,152.0,0.0,107.0,0.0,12.0,0.0,213.0,381.25
623,34292.0,0.2857142857142857,2.0,5.0,4.0,3059.0,0.0,219.0,1.0,23.0,0.0,212.0,774.25
624,34297.0,0.75,12.0,4.0,3.0,118.0,24.0,120.0,2.0,18.0,0.0,7.0,14.819991111755371
625,34297.0,0.75,12.0,4.0,4.0,144.0,47.0,120.0,0.0,20.0,0.0,7.0,14.87716007232666
626,34300.0,0.8333333333333334,15.0,3.0,3.0,596.0,0.0,90.0,121.0,12.0,0.0,130.0,195.87550354003906
627,34301.0,0.946969696969697,125.0,7.0,3.0,848.0,0.0,126.0,61.0,12.0,0.0,180.0,379.64471435546875
628,34302.0,0.9565217391304348,22.0,1.0,4.0,107.0,0.0,169.52999877929688,0.0,15.0,0.20000000298023224,19.0,55.635623931884766
629,34304.0,0.9899497487437185,197.0,2.0,3.0,1055.0,30.0,88.0,0.0,16.0,0.25,267.0,391.7016906738281
630,34304.0,0.9899497487437185,197.0,2.0,2.0,748.0,0.0,88.0,0.0,12.0,0.0,267.0,391.7016906738281
631,34304.0,0.9899497487437185,197.0,2.0,1.0,386.0,0.0,88.0,0.0,10.0,0.5,267.0,391.7016906738281
632,34307.0,0.8441558441558441,65.0,12.0,2.0,598.0,0.0,120.0,2.0,0.0,0.0,261.0,523.0
633,34308.0,0.3333333333333333,2.0,4.0,4.0,2056.0,0.0,270.0,144.0,25.0,0.20000000298023224,149.0,672.0
634,34309.0,0.782608695652174,18.0,5.0,3.0,816.0,0.0,308.0,301.0,24.0,0.6000000238418579,98.0,506.2777404785156
635,34309.0,0.782608695652174,18.0,5.0,4.0,998.0,0.0,308.0,307.0,25.0,0.4000000059604645,98.0,506.28125
636,34309.0,0.782608695652174,18.0,5.0,2.0,574.0,0.0,308.0,301.0,20.0,0.0,98.0,506.28125
637,34310.0,0.3333333333333333,2.0,4.0,3.0,530.0,0.0,119.5199966430664,1.0,12.0,1.0,112.0,225.0
638,34310.0,0.3333333333333333,2.0,4.0,4.0,696.0,0.0,119.5199966430664,1.0,14.0,0.5,112.0,225.0
639,34311.0,0.48,12.0,13.0,4.0,1179.0,46.0,175.0,6.0,22.0,0.0,189.0,551.9696044921875
640,34313.0,1.0,12.0,0.0,4.0,161.0,0.0,120.0,39.0,18.0,-0.30000001192092896,26.0,52.70000076293945
641,34314.0,0.8974358974358975,35.0,4.0,4.0,1118.0,0.0,266.0,4.0,21.0,0.25,217.0,966.2278442382812
642,34316.0,0.8620689655172413,25.0,4.0,4.0,1026.0,12.0,175.0,36.0,22.0,-0.5,148.0,432.2449951171875
643,34318.0,1.0,8.0,0.0,3.0,201.0,3.0,170.0,64.0,15.9375,0.5,66.0,189.5
644,34318.0,1.0,8.0,0.0,2.0,157.0,0.0,170.0,27.0,10.625,0.0,66.0,189.0
645,34319.0,0.9333333333333333,28.0,2.0,3.0,1236.0,49.0,242.0,89.0,20.0,0.0,132.0,533.6778564453125
646,34319.0,0.9333333333333333,28.0,2.0,4.0,1293.0,42.0,242.0,100.0,20.0,0.20000000298023224,132.0,533.6778564453125
647,34321.0,0.6,6.0,4.0,4.0,600.0,0.0,300.1499938964844,0.0,21.0,0.30000001192092896,93.0,466.0
648,34321.0,0.6,6.0,4.0,2.0,281.0,0.0,300.1499938964844,4.0,12.0,0.30000001192092896,93.0,466.02020263671875
649,34323.0,0.8787878787878788,29.0,4.0,3.0,527.0,0.0,213.0,0.0,20.0,0.20000000298023224,89.0,316.46783447265625
650,34323.0,0.8787878787878788,29.0,4.0,4.0,636.0,0.0,213.0,0.0,24.0,0.0,89.0,316.46783447265625
651,34324.0,0.9318181818181818,41.0,3.0,4.0,744.0,0.0,90.16999816894531,2130.0,16.0,0.0,87.0,132.125
652,34324.0,0.9318181818181818,41.0,3.0,2.0,428.0,0.0,90.16999816894531,2130.0,16.0,1.0,87.0,132.125
653,34327.0,0.9259259259259259,25.0,2.0,4.0,1006.0,0.0,134.0,2.0,19.0,-0.699999988079071,236.0,527.6227416992188
654,34329.0,0.9726027397260274,142.0,4.0,3.0,579.0,3.0,94.0,0.0,15.0,0.0,144.0,226.0
655,34329.0,0.9726027397260274,142.0,4.0,2.0,302.0,14.0,94.0,0.0,12.0,0.0,144.0,227.0
656,34334.0,0.9166666666666666,11.0,1.0,3.0,342.0,0.0,100.0,0.0,16.0,0.0,91.0,152.96875
657,34334.0,0.9166666666666666,11.0,1.0,4.0,486.0,0.0,100.0,0.0,18.0,0.0,91.0,152.96875
658,34334.0,0.9166666666666666,11.0,1.0,2.0,326.0,0.0,100.0,0.0,16.0,0.0,92.0,153.46875
659,34334.0,0.9166666666666666,11.0,1.0,1.0,180.0,70.0,100.0,0.0,12.0,0.0,91.0,152.96875
660,34335.0,0.8484848484848485,28.0,5.0,4.0,454.0,11.0,140.3000030517578,0.0,18.0,-0.5,75.0,176.453125
661,34336.0,0.8837209302325582,38.0,5.0,0.0,0.0,0.0,204.73399353027344,0.0,12.0,0.0,0.0,0.0
662,34336.0,0.8837209302325582,38.0,5.0,4.0,1052.0,3250.0,204.73399353027344,0.0,20.0,-0.30000001192092896,63.0,217.0
663,34337.0,0.9416058394160584,129.0,8.0,4.0,1334.0,0.0,150.0,51.0,21.0,0.0,257.0,643.0
664,34338.0,0.96875,31.0,1.0,4.0,432.0,8.0,140.27000427246094,18.0,21.0,-0.20000000298023224,75.0,177.125
665,34339.0,0.75,6.0,2.0,2.0,601.0,0.0,300.0,0.0,26.0,0.0,10.0,51.33331298828125
666,34340.0,0.9565217391304348,22.0,1.0,4.0,685.0,0.0,144.0,14.0,19.0,-0.30000001192092896,125.0,300.5
667,34341.0,0.9090909090909091,10.0,1.0,2.0,587.0,0.0,105.0,24.0,0.0,0.0,194.0,340.5
668,34345.0,0.8541666666666666,41.0,7.0,4.0,1454.0,98.0,205.0,6.0,22.0,-0.20000000298023224,142.0,488.0
669,34347.0,0.8214285714285714,23.0,5.0,1.0,128.0,0.0,99.0,0.0,24.0,0.0,56.0,93.98400115966797
670,34348.0,0.7083333333333334,17.0,7.0,2.0,821.0,0.0,220.0,0.0,12.0,0.0,263.0,964.40625
671,34349.0,0.95,19.0,1.0,3.0,573.0,2.0,140.0,330.0,24.0,0.5,267.0,624.875
672,34350.0,0.5,3.0,3.0,4.0,950.0,0.0,130.0,0.0,25.0,0.0,200.0,433.3766784667969
673,34352.0,0.42857142857142855,3.0,4.0,0.0,343.0,0.0,113.0,0.0,12.0,0.0,180.0,339.375
674,34352.0,0.42857142857142855,3.0,4.0,3.0,724.0,0.0,113.0,14.0,12.0,0.0,180.0,339.375
675,34352.0,0.42857142857142855,3.0,4.0,2.0,618.0,0.0,113.0,31.0,12.0,0.0,180.0,339.375
676,34352.0,0.42857142857142855,3.0,4.0,1.0,584.0,0.0,113.0,0.0,12.0,0.0,180.0,339.375
677,34353.0,0.75,6.0,2.0,3.0,591.0,5.0,98.0,141.0,15.0,0.0,221.0,361.0833435058594
678,34353.0,0.75,6.0,2.0,4.0,978.0,5.0,98.0,109.0,21.0,0.0,221.0,361.08331298828125
679,34353.0,0.75,6.0,2.0,2.0,451.0,0.0,98.0,145.0,12.0,0.0,221.0,361.0833435058594
680,34355.0,0.5,2.0,2.0,2.0,931.0,318.0,120.0,100.0,12.0,0.0,397.0,794.5
681,34356.0,0.8979591836734694,44.0,5.0,4.0,2508.0,53.0,220.0,49.0,24.0,-0.20000000298023224,268.0,983.4113159179688
682,34357.0,0.5,4.0,4.0,4.0,760.0,0.0,120.0,17.0,12.0,0.0,175.0,350.0
683,34357.0,0.5,4.0,4.0,1.0,628.0,0.0,120.0,8.0,12.0,0.0,175.0,350.0
684,34359.0,0.7,14.0,6.0,3.0,852.0,0.0,125.0,51.0,12.0,1.5,229.0,479.1604309082031
685,34359.0,0.7,14.0,6.0,2.0,769.0,0.0,125.0,51.0,12.0,1.5,229.0,479.1604309082031
686,34360.0,0.9819819819819819,109.0,2.0,0.0,406.0,0.0,160.0,53.0,12.0,-0.20000000298023224,230.0,615.9600219726562
687,34360.0,0.9819819819819819,109.0,2.0,3.0,890.0,4.0,160.0,41.0,17.0,0.30000001192092896,230.0,615.9600219726562
688,34360.0,0.9819819819819819,109.0,2.0,4.0,1602.0,0.0,160.0,36.0,21.0,-0.5,230.0,615.9600219726562
689,34360.0,0.9819819819819819,109.0,2.0,2.0,699.0,4.0,160.0,54.0,14.0,1.0,230.0,615.9600219726562
690,34360.0,0.9819819819819819,109.0,2.0,1.0,489.0,0.0,160.0,56.0,12.0,-0.20000000298023224,230.0,615.9600219726562
691,34361.0,0.7352941176470589,25.0,9.0,4.0,65.0,4.0,195.218994140625,3.0,18.0,-0.3499999940395355,13.0,45.0
692,34364.0,0.7857142857142857,11.0,3.0,4.0,1812.0,212.0,240.0,17.0,19.0,0.0,140.0,560.9000244140625
693,34365.0,0.5,1.0,1.0,3.0,3760.0,0.0,88.87999725341797,551.0,14.0,0.0,1719.0,2546.5
694,34369.0,0.950354609929078,134.0,7.0,3.0,747.0,17.0,143.0,74.0,15.0,0.0,198.0,474.0
695,34369.0,0.950354609929078,134.0,7.0,4.0,919.0,17.0,143.0,92.0,17.0,-0.20000000298023224,198.0,474.0
696,34371.0,0.8333333333333334,5.0,1.0,3.0,466.0,0.0,120.0,44.0,18.0,-0.5,163.0,327.0
697,34371.0,0.8333333333333334,5.0,1.0,4.0,466.0,0.0,120.0,44.0,24.0,0.15000000596046448,163.0,327.0
698,34372.0,0.9615384615384616,25.0,1.0,4.0,1866.0,3.0,267.0,14.0,21.0,0.30000001192092896,222.0,991.1112670898438
699,34375.0,0.9618320610687023,252.0,10.0,3.0,812.0,0.0,119.0,47.0,15.0,-0.4000000059604645,182.0,361.14666748046875
700,34375.0,0.9618320610687023,252.0,10.0,4.0,921.0,0.0,119.0,81.0,17.0,-0.6000000238418579,182.0,361.14666748046875
701,34375.0,0.9618320610687023,252.0,10.0,2.0,605.0,0.0,119.0,59.0,12.0,0.0,182.0,361.14666748046875
702,34376.0,0.9316239316239316,109.0,8.0,0.0,319.0,0.0,90.0,6.0,12.600000381469727,0.0,216.0,325.0
703,34376.0,0.9316239316239316,109.0,8.0,3.0,795.0,0.0,90.0,12.0,13.300000190734863,0.0,218.0,328.0
704,34376.0,0.9316239316239316,109.0,8.0,2.0,703.0,0.0,90.0,9.0,12.899999618530273,0.0,218.0,327.0
705,34377.0,0.7894736842105263,30.0,8.0,4.0,44.0,45.0,187.0,17.0,30.0,-1.0,11.0,35.62533187866211
706,34378.0,1.0,2.0,0.0,3.0,335.0,0.0,149.97999572753906,70.0,12.0,0.0,105.0,264.25
707,34379.0,1.0,7.0,0.0,3.0,798.0,0.0,127.0,61.0,19.0,-0.5,195.0,413.0
708,34379.0,1.0,7.0,0.0,2.0,683.0,0.0,127.0,61.0,16.0,0.0,195.0,413.0
709,34381.0,1.0,5.0,0.0,3.0,490.0,0.0,140.0,0.0,16.0,0.0,126.0,294.9375
710,34382.0,0.0,0.0,2.0,2.0,668.0,80.0,120.0,32.0,13.0,1.0,202.0,404.0
711,34386.0,0.96875,186.0,6.0,0.0,293.0,16.0,166.0,940.0,10.0,0.0,210.0,582.0
712,34386.0,0.96875,186.0,6.0,3.0,805.0,16.0,166.0,482.0,16.0,0.5,210.0,582.0
713,34386.0,0.96875,186.0,6.0,4.0,809.0,16.0,166.0,716.0,18.0,0.30000001192092896,210.0,582.0
714,34386.0,0.96875,186.0,6.0,2.0,642.0,16.0,166.0,828.0,15.0,0.5,210.0,582.0
715,34386.0,0.96875,186.0,6.0,1.0,428.0,16.0,166.0,940.0,13.0,1.0,210.0,582.0
716,34387.0,0.5833333333333334,7.0,5.0,1.0,353.0,0.0,148.0,6.0,19.0,0.0,80.0,199.25
717,34388.0,0.8888888888888888,8.0,1.0,3.0,36.0,6.0,200.0,413.0,20.0,0.0,26.0,88.0
718,34389.0,0.18181818181818182,2.0,9.0,0.0,122.0,16.0,140.0,10.0,12.0,0.0,171.0,401.0000305175781
719,34389.0,0.18181818181818182,2.0,9.0,3.0,739.0,16.0,140.0,24.0,12.0,0.0,171.0,401.0000305175781
720,34389.0,0.18181818181818182,2.0,9.0,2.0,677.0,16.0,140.0,16.0,12.0,0.0,171.0,400.8998718261719
721,34389.0,0.18181818181818182,2.0,9.0,1.0,406.0,14.0,140.0,17.0,12.0,0.0,171.0,400.89996337890625
722,34390.0,0.5833333333333334,7.0,5.0,4.0,2786.0,0.0,210.0,49.0,20.0,0.0,120.0,422.0625
723,34393.0,0.6666666666666666,2.0,1.0,3.0,1333.0,0.0,160.0,1.0,24.0,-0.30000001192092896,187.0,499.101318359375
724,34396.0,0.9354838709677419,29.0,2.0,3.0,158.0,0.0,176.0,0.0,12.0,0.0,50.0,146.82666015625
725,34397.0,1.0,14.0,0.0,4.0,775.0,122.0,200.0,71.0,22.0,0.04523399844765663,225.0,751.7933349609375
726,34398.0,0.6153846153846154,8.0,5.0,4.0,2924.0,0.0,126.0,73.0,18.0,0.0,190.0,400.25
727,34398.0,0.6153846153846154,8.0,5.0,1.0,0.0,0.0,126.0,0.0,12.0,0.0,0.0,0.0
728,34400.0,0.7851239669421488,95.0,26.0,3.0,813.0,6.0,158.0,101.0,20.0,0.0,193.0,509.125
729,34402.0,0.5,2.0,2.0,4.0,2379.0,0.0,175.0,20.0,21.0,0.0,294.0,860.373291015625
730,34403.0,0.8260869565217391,19.0,4.0,4.0,1080.0,0.0,116.0,0.0,15.0,0.0,229.0,443.48333740234375
731,34406.0,0.7933333333333333,119.0,31.0,4.0,953.0,0.0,120.0,32.0,19.0,0.30000001192092896,197.0,395.8999938964844
732,34410.0,0.851063829787234,40.0,7.0,3.0,1406.0,162.0,282.0,54.0,21.5,0.550000011920929,130.0,614.281982421875
733,34410.0,0.851063829787234,40.0,7.0,4.0,1947.0,161.0,282.0,14.0,23.0,0.20000000298023224,130.0,614.281982421875
734,34410.0,0.851063829787234,40.0,7.0,2.0,998.0,168.0,282.0,47.0,16.0,-0.10000000149011612,130.0,614.281982421875
735,34411.0,0.22727272727272727,5.0,17.0,3.0,872.0,81.0,120.0,14.0,0.0,0.0,234.0,469.4375
736,34412.0,1.0,2.0,0.0,0.0,262.0,0.0,420.0,2.0,21.0,1.0,8.0,59.974998474121094
737,34412.0,1.0,2.0,0.0,3.0,129.0,0.0,420.0,0.0,16.0,0.0,8.0,59.849998474121094
738,34412.0,1.0,2.0,0.0,4.0,159.0,3.0,420.0,0.0,16.0,0.0,8.0,60.224998474121094
739,34412.0,1.0,2.0,0.0,2.0,104.0,0.0,420.0,0.0,16.0,0.0,8.0,59.849998474121094
740,34412.0,1.0,2.0,0.0,1.0,137.0,0.0,420.0,0.0,16.0,0.0,8.0,60.099998474121094
741,34413.0,0.5454545454545454,6.0,5.0,3.0,526.0,0.0,160.0,66.0,12.0,0.0,94.0,252.0
742,34414.0,0.90625,29.0,3.0,4.0,1070.0,0.0,181.0,0.0,22.0,0.10000000149011612,137.0,413.5603332519531
743,34415.0,0.8490566037735849,45.0,8.0,4.0,756.0,0.0,123.0,20.0,19.0,0.30000001192092896,177.0,364.0409851074219
744,34416.0,0.6,3.0,2.0,3.0,616.0,0.0,150.0,16.0,14.0,0.3499999940395355,131.0,327.5
745,34417.0,0.9090909090909091,10.0,1.0,4.0,1258.0,4.0,256.0,19.0,20.0,0.30000001192092896,130.0,558.0
746,34422.0,0.46153846153846156,6.0,7.0,4.0,500.0,0.0,160.0,183.0,20.0,0.0,121.0,324.5
747,34423.0,0.7407407407407407,20.0,7.0,0.0,143.0,0.0,210.0,106.0,8.0,0.5,130.0,456.8074951171875
748,34423.0,0.7407407407407407,20.0,7.0,4.0,1257.0,0.0,210.0,39.0,20.0,-0.10000000149011612,130.0,456.5574951171875
749,34423.0,0.7407407407407407,20.0,7.0,2.0,539.0,0.0,210.0,19.0,12.0,0.0,130.0,456.8074951171875
750,34424.0,0.9459459459459459,35.0,2.0,4.0,722.0,48.0,170.0,29.0,15.9375,0.5,165.0,467.5
751,34424.0,0.9459459459459459,35.0,2.0,2.0,477.0,30.0,170.0,11.0,10.625,0.0,165.0,467.5
752,34425.0,0.9135802469135802,74.0,7.0,0.0,256.0,0.0,108.0,39.0,6.0,0.0,194.0,349.25
753,34425.0,0.9135802469135802,74.0,7.0,3.0,604.0,0.0,108.0,54.0,14.0,0.0,194.0,349.25
754,34425.0,0.9135802469135802,74.0,7.0,2.0,562.0,0.0,108.0,62.0,10.0,0.0,194.0,349.25
755,34425.0,0.9135802469135802,74.0,7.0,1.0,345.0,0.0,108.0,45.0,8.0,0.0,194.0,349.25
756,34428.0,0.7818181818181819,43.0,12.0,3.0,1053.0,2.0,85.0,82.0,14.0,0.800000011920929,263.0,373.625
757,34428.0,0.7818181818181819,43.0,12.0,2.0,802.0,2.0,85.0,82.0,11.0,1.0,263.0,373.625
758,34428.0,0.7818181818181819,43.0,12.0,1.0,623.0,2.0,85.0,82.0,9.0,1.0,263.0,373.625
759,34429.0,0.06666666666666667,1.0,14.0,4.0,564.0,45.0,149.0,2.0,21.0,0.0,88.0,219.75
760,34430.0,0.3333333333333333,3.0,6.0,3.0,537.0,150.0,75.0,12.0,12.0,0.0,174.0,218.0
761,34431.0,1.0,22.0,0.0,4.0,429.0,0.0,88.30999755859375,1.0,17.0,0.2199999988079071,89.0,132.125
762,34432.0,0.6666666666666666,4.0,2.0,3.0,368.0,0.0,97.51000213623047,9.0,15.0,0.0,90.0,147.43777465820312
763,34436.0,1.0,6.0,0.0,3.0,703.0,2.0,168.0,20.0,12.100000381469727,0.0,242.0,680.0
764,34437.0,0.9629629629629629,26.0,1.0,4.0,3066.0,96.0,170.0,13.0,22.0,-0.5,320.0,906.75
765,34439.0,0.0,0.0,1.0,3.0,478.0,0.0,125.0,2.0,12.0,0.0,178.0,371.3999938964844
766,34440.0,0.9523809523809523,40.0,2.0,4.0,762.0,12.0,175.0,4.0,26.0,0.0,190.0,555.8062744140625
767,34442.0,0.9473684210526315,18.0,1.0,3.0,676.0,0.0,150.0,30.0,12.0,0.0,198.0,496.0
768,34442.0,0.9473684210526315,18.0,1.0,4.0,897.0,0.0,150.0,45.0,16.0,0.0,198.0,496.0
769,34443.0,0.8518518518518519,23.0,4.0,4.0,798.0,0.0,147.0,83.0,18.0,-0.10000000149011612,225.0,551.5
770,34445.0,0.9741100323624595,301.0,8.0,3.0,662.0,0.0,177.0,0.0,14.0,0.0,130.0,385.375
771,34448.0,0.3486238532110092,38.0,71.0,2.0,446.0,3.0,130.0,1.0,12.0,0.0,189.0,411.59991455078125
772,34450.0,0.3333333333333333,1.0,2.0,4.0,362.0,0.0,128.0,11.0,18.0,0.0,70.0,150.5
773,34454.0,0.9090909090909091,10.0,1.0,3.0,510.0,0.0,135.0,0.0,20.0,-0.5,183.0,412.2925109863281
774,34455.0,0.9555555555555556,86.0,4.0,3.0,1018.0,224.0,162.0,56.0,16.0,0.2800000011920929,298.0,806.0
775,34455.0,0.9555555555555556,86.0,4.0,4.0,1139.0,336.0,162.0,56.0,18.0,0.10000000149011612,298.0,806.0
776,34455.0,0.9555555555555556,86.0,4.0,2.0,840.0,112.0,162.0,31.0,14.0,0.6101268529891968,298.0,806.0
777,34456.0,0.9285714285714286,13.0,1.0,4.0,2276.0,0.0,273.0,154.0,23.0,0.20000000298023224,232.0,1059.0
778,34457.0,0.9130434782608695,189.0,18.0,0.0,462.0,0.0,220.0,113.0,12.0,0.5,201.0,740.268310546875
779,34457.0,0.9130434782608695,189.0,18.0,3.0,974.0,0.0,220.0,116.0,17.0,1.0,201.0,740.268310546875
780,34457.0,0.9130434782608695,189.0,18.0,4.0,1284.0,0.0,220.0,125.0,21.0,0.20000000298023224,201.0,740.268310546875
781,34457.0,0.9130434782608695,189.0,18.0,2.0,643.0,0.0,220.0,115.0,14.0,0.0,201.0,740.268310546875
782,34457.0,0.9130434782608695,189.0,18.0,1.0,490.0,0.0,220.0,113.0,12.0,0.5,201.0,740.268310546875
783,34460.0,0.2,2.0,8.0,2.0,508.0,80.0,91.0,15.0,12.0,0.0,257.0,390.0
784,34461.0,1.0,5.0,0.0,4.0,1075.0,11.0,152.0,2.0,20.0,0.0,198.0,504.1266784667969
785,34465.0,1.0,20.0,0.0,4.0,919.0,0.0,160.0,0.0,21.0,-0.10000000149011612,178.0,476.0
786,34467.0,0.8620689655172413,25.0,4.0,3.0,679.0,0.0,160.0,0.0,18.0,-0.20000000298023224,217.0,580.0
787,34468.0,0.9166666666666666,11.0,1.0,4.0,2415.0,42.0,260.0,27.0,23.0,0.30000001192092896,235.0,1020.0
788,34469.0,0.2857142857142857,2.0,5.0,4.0,1052.0,67.0,169.0,24.0,12.0,0.0,235.0,662.125
789,34470.0,0.7941176470588235,27.0,7.0,0.0,391.0,0.0,115.0,0.0,12.0,0.0,269.0,517.0
790,34470.0,0.7941176470588235,27.0,7.0,3.0,764.0,0.0,115.0,25.0,12.0,0.0,269.0,517.0
791,34470.0,0.7941176470588235,27.0,7.0,2.0,643.0,0.0,115.0,1.0,12.0,0.0,269.0,517.0
792,34470.0,0.7941176470588235,27.0,7.0,1.0,473.0,0.0,115.0,1.0,12.0,0.0,269.0,517.0
793,34471.0,0.9757085020242915,241.0,6.0,3.0,534.0,6.0,96.0,93.0,14.0,0.0,170.0,273.5
794,34472.0,0.9487179487179487,37.0,2.0,4.0,751.0,0.0,105.0,4.0,17.0,0.20000000298023224,177.0,310.5
795,34472.0,0.9487179487179487,37.0,2.0,2.0,514.0,0.0,105.0,4.0,13.0,0.5,177.0,310.5
796,34473.0,0.8360655737704918,102.0,20.0,3.0,233.0,164.0,134.0,13.0,16.0,0.0,101.0,227.44166564941406
797,34473.0,0.8360655737704918,102.0,20.0,4.0,342.0,0.0,134.0,9.0,16.0,0.0,94.0,211.56666564941406
798,34475.0,1.0,1.0,0.0,4.0,542.0,0.0,90.0,36.0,20.0,0.0,147.0,221.25
799,34476.0,0.42857142857142855,3.0,4.0,2.0,413.0,82.0,113.0,4.0,12.0,0.0,138.0,260.125
800,34477.0,0.9333333333333333,28.0,2.0,4.0,1019.0,0.0,170.0,2.0,22.0,0.10000000149011612,121.0,343.75
801,34478.0,0.9230769230769231,12.0,1.0,4.0,2641.0,0.0,264.0,42.0,25.0,0.30000001192092896,211.0,932.0
802,34479.0,1.0,11.0,0.0,3.0,1170.0,0.0,282.0,97.0,22.0,0.5,131.0,617.718017578125
803,34479.0,1.0,11.0,0.0,4.0,1949.0,0.0,282.0,93.0,24.0,0.5,131.0,617.718017578125
804,34479.0,1.0,11.0,0.0,2.0,723.0,0.0,282.0,87.0,21.0,-1.0,131.0,617.718017578125
805,34480.0,1.0,25.0,0.0,4.0,492.0,0.0,96.0,42.0,16.0,0.20000000298023224,107.0,172.5760040283203
806,34481.0,0.6666666666666666,2.0,1.0,4.0,673.0,0.0,280.0,3.0,22.0,0.0,46.0,218.5
807,34482.0,0.0,0.0,1.0,3.0,374.0,22.0,134.0,12.0,12.0,0.0,88.0,196.60916137695312
808,34482.0,0.0,0.0,1.0,2.0,266.0,0.0,134.0,11.0,12.0,0.0,88.0,196.60916137695312
809,34482.0,0.0,0.0,1.0,1.0,178.0,0.0,134.0,11.0,12.0,0.0,88.0,196.60916137695312
810,34483.0,1.0,30.0,0.0,0.0,227.0,0.0,121.0,2.0,8.0,0.0,212.0,428.5
811,34483.0,1.0,30.0,0.0,3.0,817.0,0.0,121.0,2.0,14.0,0.5,212.0,428.5
812,34483.0,1.0,30.0,0.0,2.0,704.0,0.0,121.0,2.0,12.0,0.5,212.0,428.5
813,34483.0,1.0,30.0,0.0,1.0,266.0,0.0,121.0,2.0,9.0,0.0,212.0,428.5
814,34485.0,0.9375,30.0,2.0,4.0,3129.0,17.0,153.0,26.0,23.0,0.5,310.0,791.5609741210938
815,34486.0,0.9456521739130435,87.0,5.0,0.0,526.0,0.0,104.19999694824219,14.0,12.0,0.0,241.0,419.94268798828125
816,34486.0,0.9456521739130435,87.0,5.0,3.0,842.0,0.0,104.19999694824219,14.0,13.0,0.0,242.0,420.44268798828125
817,34486.0,0.9456521739130435,87.0,5.0,2.0,651.0,0.0,104.19999694824219,14.0,13.0,0.0,241.0,419.94268798828125
818,34486.0,0.9456521739130435,87.0,5.0,1.0,539.0,0.0,104.19999694824219,14.0,12.0,0.0,241.0,419.94268798828125
819,34487.0,0.9732824427480916,255.0,7.0,0.0,226.0,0.0,157.0,3.0,12.0,0.5,150.0,393.9738464355469
820,34487.0,0.9732824427480916,255.0,7.0,3.0,505.0,0.0,157.0,9.0,12.0,0.5,151.0,395.9113464355469
821,34487.0,0.9732824427480916,255.0,7.0,2.0,460.0,0.0,157.0,9.0,12.0,0.5,151.0,395.9113464355469
822,34487.0,0.9732824427480916,255.0,7.0,1.0,429.0,0.0,157.0,9.0,12.0,0.5,151.0,395.9113464355469
823,34489.0,0.2,2.0,8.0,4.0,1781.0,0.0,220.0,16.0,25.0,0.0,220.0,808.0
824,34492.0,0.9611650485436893,198.0,8.0,3.0,980.0,0.0,128.0,149.0,16.0,-0.10000000149011612,219.0,468.32000732421875
825,34492.0,0.9611650485436893,198.0,8.0,2.0,665.0,0.0,128.0,124.0,14.0,0.0,219.0,468.32000732421875
826,34494.0,0.9411764705882353,32.0,2.0,3.0,1107.0,0.0,148.0,0.0,15.0,0.0,209.0,516.0
827,34495.0,0.75,6.0,2.0,4.0,2156.0,0.0,150.0,4.0,18.0,0.0,59.0,149.75
828,34496.0,0.5625,36.0,28.0,4.0,428.0,2.0,73.0,3.0,12.0,0.0,166.0,202.8125
829,34499.0,1.0,4.0,0.0,4.0,727.0,0.0,199.0,101.0,18.0,1.0,116.0,388.0
830,34499.0,1.0,4.0,0.0,2.0,524.0,0.0,199.0,106.0,15.0,1.0,116.0,388.0
831,34501.0,0.85,17.0,3.0,1.0,679.0,0.0,128.0,35.0,12.0,0.0,219.0,468.0853271484375
832,34503.0,0.75,6.0,2.0,3.0,752.0,82.0,133.0,273.0,19.0,0.0,232.0,515.8435668945312
833,34503.0,0.75,6.0,2.0,4.0,752.0,82.0,133.0,273.0,32.0,0.0,232.0,515.8435668945312
834,34504.0,0.9333333333333333,42.0,3.0,4.0,1122.0,0.0,150.0,0.0,20.0,0.0,189.0,472.6875
835,34504.0,0.9333333333333333,42.0,3.0,2.0,552.0,8.0,150.0,0.0,14.0,0.0,189.0,472.6875
836,34505.0,0.9464285714285714,53.0,3.0,3.0,548.0,0.0,126.0,0.0,12.0,0.10000000149011612,133.0,280.7394104003906
837,34505.0,0.9464285714285714,53.0,3.0,4.0,1055.0,0.0,126.0,12.0,16.0,-0.4000000059604645,133.0,281.0078430175781
838,34505.0,0.9464285714285714,53.0,3.0,2.0,283.0,0.0,126.0,229.0,8.0,-0.4000000059604645,136.0,286.4666748046875
839,34508.0,0.0,0.0,5.0,4.0,366.0,6.0,260.0,2.0,20.0,0.0,30.0,130.0
840,34510.0,0.9629629629629629,26.0,1.0,4.0,554.0,0.0,124.0,1.0,14.0,0.0,131.0,271.8614807128906
841,34511.0,0.8260869565217391,19.0,4.0,4.0,1307.0,0.0,175.0,0.0,20.0,0.0,189.0,551.5
842,34512.0,1.0,12.0,0.0,4.0,1119.0,69.0,222.0,15.0,22.0,0.10000000149011612,142.0,526.5009765625
843,34513.0,0.7142857142857143,5.0,2.0,2.0,506.0,0.0,120.0,35.0,18.0,0.0,168.0,337.625
844,34514.0,0.7142857142857143,5.0,2.0,2.0,456.0,0.0,128.0,61.0,18.0,0.0,159.0,339.25
845,34515.0,0.9333333333333333,14.0,1.0,3.0,608.0,0.0,144.0,62.0,20.0,0.0,181.0,436.5
846,34516.0,0.0,0.0,3.0,3.0,265.0,0.0,140.0,58.0,21.0,0.0,112.0,261.5
847,34517.0,0.8,4.0,1.0,2.0,564.0,0.0,130.0,55.0,18.0,0.0,266.0,577.75
848,34518.0,0.8048780487804879,33.0,8.0,4.0,727.0,4.0,90.0,86.0,12.0,0.0,202.0,304.25
849,34518.0,0.8048780487804879,33.0,8.0,2.0,400.0,16.0,90.0,31.0,12.0,0.0,202.0,304.25
850,34520.0,0.2,1.0,4.0,4.0,978.0,0.0,179.0,42.0,24.0,0.0,141.0,422.0133972167969
851,34521.0,0.9305555555555556,67.0,5.0,3.0,221.0,56.0,115.66200256347656,0.0,13.5,0.0,57.0,111.0
852,34522.0,0.85,17.0,3.0,3.0,779.0,0.0,192.0,26.0,20.0,0.6000000238418579,193.0,619.0
853,34523.0,0.7777777777777778,7.0,2.0,4.0,1286.0,8.0,181.0,9.0,18.0,0.0,168.0,509.72021484375
854,34524.0,0.9523809523809523,20.0,1.0,3.0,1243.0,16.0,230.0,0.0,21.0,0.10000000149011612,139.0,536.614990234375
855,34524.0,0.9523809523809523,20.0,1.0,4.0,1408.0,0.0,230.0,0.0,22.0,0.20000000298023224,139.0,536.614990234375
856,34526.0,1.0,2.0,0.0,1.0,142.0,40.0,210.00399780273438,1.0,12.0,0.0,66.0,232.0
857,34531.0,0.6,6.0,4.0,2.0,754.0,0.0,130.0,7.0,15.0,0.0,573.0,1242.6282958984375
858,34532.0,0.9130434782608695,21.0,2.0,4.0,870.0,0.0,168.0,35.0,16.0,0.0,179.0,502.0
859,34534.0,0.9,99.0,11.0,4.0,984.0,0.0,155.0,0.0,21.0,0.0,149.0,387.25
860,34535.0,0.9411764705882353,16.0,1.0,3.0,915.0,10.0,91.0,10.0,12.0,0.0,205.0,311.75
861,34537.0,0.9815950920245399,320.0,6.0,0.0,194.0,0.0,100.0,4.0,8.0,0.4000000059604645,192.0,320.9150085449219
862,34537.0,0.9815950920245399,320.0,6.0,3.0,837.0,0.0,100.0,11.0,14.0,0.0,192.0,320.9150085449219
863,34537.0,0.9815950920245399,320.0,6.0,4.0,948.0,0.0,100.0,11.0,16.0,0.4000000059604645,192.0,320.9150085449219
864,34537.0,0.9815950920245399,320.0,6.0,2.0,634.0,0.0,100.0,4.0,12.0,0.0,192.0,320.9150085449219
865,34537.0,0.9815950920245399,320.0,6.0,1.0,399.0,0.0,100.0,4.0,10.0,0.20000000298023224,192.0,320.9150085449219
866,34538.0,0.9090909090909091,70.0,7.0,4.0,1535.0,0.0,147.0,0.0,21.0,-0.3,200.0,492.17620849609375
867,34539.0,0.864406779661017,51.0,8.0,4.0,1186.0,0.0,120.0,0.0,18.0,0.0,190.0,381.86199951171875
868,34540.0,0.8947368421052632,17.0,2.0,4.0,1146.0,254.0,180.0,0.0,20.0,0.0,257.0,772.0
869,34541.0,0.8913043478260869,41.0,5.0,3.0,1458.0,185.0,204.0,0.0,20.0,0.0,217.0,741.0
870,34541.0,0.8913043478260869,41.0,5.0,4.0,1727.0,240.0,204.0,0.0,22.0,0.0,217.0,741.0
871,34541.0,0.8913043478260869,41.0,5.0,2.0,1110.0,366.0,204.0,0.0,18.0,0.0,217.0,741.0
872,34542.0,0.954954954954955,106.0,5.0,0.0,304.0,0.0,107.0,34.0,8.0,-2.0,182.0,325.65625
873,34542.0,0.954954954954955,106.0,5.0,3.0,937.0,0.0,107.0,36.0,16.0,-1.0,182.0,325.65625
874,34542.0,0.954954954954955,106.0,5.0,4.0,987.0,0.0,107.0,36.0,20.0,-1.0,182.0,325.65625
875,34542.0,0.954954954954955,106.0,5.0,2.0,700.0,0.0,107.0,36.0,12.0,-0.699999988079071,182.0,325.65625
876,34542.0,0.954954954954955,106.0,5.0,1.0,552.0,0.0,107.0,36.0,10.0,-0.5,182.0,325.65625
877,34544.0,0.2857142857142857,2.0,5.0,3.0,475.0,0.0,120.0,0.0,12.0,0.0,89.0,178.75
878,34545.0,0.5882352941176471,10.0,7.0,4.0,39.0,0.0,179.87600708007812,0.0,16.0,-0.30000001192092896,18.0,55.75
879,34547.0,0.9,9.0,1.0,3.0,725.0,8.0,130.0,0.0,12.0,0.0,247.0,536.125
880,34549.0,0.5,2.0,2.0,3.0,133.0,2.0,160.0,1.0,14.0,0.0,25.0,69.0
881,34549.0,0.5,2.0,2.0,4.0,193.0,8.0,160.0,5.0,14.0,0.0,25.0,69.125
882,34550.0,0.8,12.0,3.0,3.0,462.0,364.0,140.0,110.0,18.0,-0.6000000238418579,169.0,396.0
883,34551.0,0.9651162790697675,83.0,3.0,3.0,653.0,28.0,128.0,415.0,16.0,0.0,211.0,451.0
884,34551.0,0.9651162790697675,83.0,3.0,2.0,508.0,32.0,128.0,491.0,14.0,0.30000001192092896,211.0,451.0
885,34551.0,0.9651162790697675,83.0,3.0,1.0,439.0,28.0,128.0,264.0,12.0,0.6000000238418579,211.0,451.0
886,34552.0,0.7142857142857143,5.0,2.0,4.0,583.0,130.0,140.0,129.0,20.0,0.0,284.0,662.75
887,34553.0,0.7727272727272727,17.0,5.0,2.0,658.0,8.0,102.0,21.0,15.0,0.0,264.0,449.1195068359375
888,34555.0,0.7142857142857143,5.0,2.0,4.0,824.0,34.0,150.0,64.0,20.0,0.0,227.0,568.25
889,34556.0,0.4444444444444444,4.0,5.0,4.0,1186.0,8.0,222.8000030517578,13.0,24.0,0.0,154.0,574.125
890,34559.0,1.0,17.0,0.0,3.0,476.0,0.0,144.0,15.0,18.0,0.0,151.0,364.0
891,34559.0,1.0,17.0,0.0,2.0,367.0,0.0,144.0,18.0,14.0,0.0,151.0,364.0
892,34561.0,0.8461538461538461,11.0,2.0,3.0,600.0,0.0,120.0,9.0,12.0,0.0,143.0,287.75
893,34565.0,0.9545454545454546,21.0,1.0,4.0,2479.0,9.0,210.0,10.0,22.0,0.0,256.0,899.4970092773438
894,34566.0,0.4,2.0,3.0,3.0,1369.0,0.0,120.0,0.0,15.0,-0.30000001192092896,287.0,574.9375
895,34567.0,0.0,0.0,3.0,2.0,453.0,186.0,155.0,31.0,0.0,0.0,178.0,460.0
896,34568.0,0.2608695652173913,18.0,51.0,0.0,417.0,108.0,120.0,2.0,24.0,0.0,17.0,35.34375
897,34568.0,0.2608695652173913,18.0,51.0,3.0,126.0,57.0,120.0,1.0,18.0,0.0,17.0,35.25
898,34568.0,0.2608695652173913,18.0,51.0,4.0,247.0,87.0,120.0,2.0,24.0,0.0,17.0,35.34375
899,34570.0,0.6666666666666666,2.0,1.0,3.0,948.0,147.0,210.0,434.0,12.0,0.0,165.0,580.5
900,34570.0,0.6666666666666666,2.0,1.0,4.0,948.0,147.0,210.0,434.0,18.0,0.0,165.0,580.5
901,34571.0,0.5714285714285714,4.0,3.0,3.0,535.0,0.0,120.0,9.0,18.0,0.0,44.0,89.375
902,34571.0,0.5714285714285714,4.0,3.0,2.0,187.0,14.0,120.0,41.0,19.200000762939453,0.0,43.0,87.4375
903,34573.0,0.9166666666666666,22.0,2.0,3.0,1035.0,0.0,158.0,0.0,20.0,-0.20000000298023224,112.0,296.62078857421875
904,34573.0,0.9166666666666666,22.0,2.0,4.0,1035.0,0.0,158.0,0.0,24.0,0.4000000059604645,112.0,296.62078857421875
905,34573.0,0.9166666666666666,22.0,2.0,2.0,878.0,0.0,158.0,0.0,19.0,-0.10000000149011612,112.0,296.62078857421875
906,34575.0,1.0,15.0,0.0,3.0,1103.0,0.0,191.99000549316406,23.0,14.0,0.0,270.0,865.011962890625
907,34578.0,0.9545454545454546,63.0,3.0,3.0,407.0,0.0,167.98899841308594,19.0,15.0,0.0,90.0,252.41436767578125
908,34580.0,1.0,1.0,0.0,3.0,639.0,0.0,91.0,0.0,12.0,0.0,182.0,276.4962158203125
909,34581.0,0.9310344827586207,27.0,2.0,3.0,735.0,40.0,98.0,110.0,16.0,0.4000000059604645,189.0,309.0
910,34581.0,0.9310344827586207,27.0,2.0,4.0,814.0,40.0,98.0,102.0,18.0,0.4000000059604645,189.0,309.0
911,34582.0,0.9210526315789473,35.0,3.0,3.0,649.0,0.0,160.0,14.0,18.0,-0.20000000298023224,169.0,451.5
912,34583.0,0.6153846153846154,8.0,5.0,3.0,1250.0,0.0,120.0,0.0,15.0,-0.20000000298023224,261.0,523.5625
913,34584.0,1.0,14.0,0.0,4.0,1482.0,4.0,225.0,9.0,22.0,0.0,122.0,460.0362548828125
914,34585.0,0.7777777777777778,7.0,2.0,4.0,1111.0,16.0,120.0,16.0,20.0,0.0,230.0,460.0
915,34586.0,0.8666666666666667,39.0,6.0,0.0,2103.0,276.0,150.0,311.0,6.900000095367432,6.900000095367432,154.0,386.0
916,34586.0,0.8666666666666667,39.0,6.0,3.0,2103.0,276.0,150.0,311.0,20.0,-0.30000001192092896,154.0,386.0
917,34586.0,0.8666666666666667,39.0,6.0,4.0,2103.0,276.0,150.0,311.0,27.0,0.4000000059604645,154.0,386.0
918,34586.0,0.8666666666666667,39.0,6.0,2.0,2103.0,276.0,150.0,311.0,15.0,0.20000000298023224,154.0,386.0
919,34586.0,0.8666666666666667,39.0,6.0,1.0,2103.0,276.0,150.0,311.0,6.900000095367432,0.0,154.0,386.0
920,34587.0,0.4583333333333333,11.0,13.0,3.0,824.0,0.0,63.0,8.0,14.0,-0.10000000149011612,200.0,210.111083984375
921,34588.0,0.88,88.0,12.0,4.0,317.0,0.0,184.33200073242188,18.0,18.0,-0.25,67.0,208.0
922,34590.0,0.8,8.0,2.0,4.0,640.0,20.0,165.0500030517578,35.0,17.0,0.0,89.0,246.34542846679688
923,34591.0,0.875,7.0,1.0,4.0,456.0,0.0,143.0,20.0,16.0,0.0,58.0,139.3574981689453
924,34593.0,1.0,13.0,0.0,2.0,110.0,12.0,150.0,7.0,0.0,0.0,31.0,79.25
925,34594.0,0.8611111111111112,31.0,5.0,4.0,1000.0,0.0,112.5,2.0,16.0,0.20000000298023224,179.0,336.67938232421875
926,34598.0,0.8333333333333334,10.0,2.0,1.0,116.0,0.0,164.0,0.0,17.0,0.0,31.0,86.0
927,34599.0,0.94,94.0,6.0,0.0,272.0,0.0,87.0,46.0,12.0,0.0,244.0,354.0
928,34599.0,0.94,94.0,6.0,3.0,717.0,40.0,87.0,43.0,14.0,0.800000011920929,244.0,354.0
929,34599.0,0.94,94.0,6.0,2.0,559.0,0.0,87.0,23.0,12.0,0.0,244.0,354.0
930,34599.0,0.94,94.0,6.0,1.0,453.0,0.0,87.0,62.0,12.0,0.0,244.0,354.0
931,34601.0,1.0,31.0,0.0,4.0,1579.0,0.0,100.0199966430664,1.0,19.0,0.0,211.0,353.25
932,34601.0,1.0,31.0,0.0,2.0,1183.0,25.0,100.0199966430664,1.0,19.0,0.0,211.0,353.25
933,34604.0,0.5,1.0,1.0,2.0,31.0,79.0,120.0,4.0,15.240968704223633,0.0,15.0,30.666667938232422
934,34606.0,0.7142857142857143,5.0,2.0,3.0,703.0,45.0,156.0,78.0,14.0,0.0,184.0,480.0625
935,34607.0,0.9629629629629629,104.0,4.0,4.0,1142.0,48.0,195.0,23.0,18.0,0.0,219.0,713.8417358398438
936,34608.0,0.9533678756476683,368.0,18.0,3.0,728.0,11.0,154.9199981689453,91.0,16.0,0.0,160.0,414.15625
937,34609.0,0.9743589743589743,38.0,1.0,3.0,831.0,0.0,100.0,68.0,16.0,0.0,212.0,353.6666564941406
938,34611.0,0.3787878787878788,25.0,41.0,4.0,207.0,0.0,200.0,0.0,18.0,-0.30000001192092896,30.0,100.0625
939,34613.0,0.9487179487179487,37.0,2.0,3.0,821.0,0.0,124.0,15.0,12.0,0.0,187.0,387.0
940,34613.0,0.9487179487179487,37.0,2.0,2.0,761.0,0.0,124.0,15.0,12.0,0.0,187.0,387.0
941,34613.0,0.9487179487179487,37.0,2.0,1.0,476.0,0.0,124.0,15.0,12.0,0.0,187.0,387.0
942,34614.0,0.7341772151898734,58.0,21.0,3.0,227.0,0.0,123.0,0.0,13.699999809265137,0.0,58.0,120.5
943,34615.0,0.2222222222222222,2.0,7.0,0.0,499.0,114.0,135.0,13.0,0.0,0.0,239.0,539.0
944,34615.0,0.2222222222222222,2.0,7.0,4.0,1165.0,50.0,135.0,30.0,0.0,0.0,239.0,539.0
945,34616.0,0.8333333333333334,10.0,2.0,4.0,1407.0,0.0,134.0,18.0,17.0,0.0,233.0,520.60302734375
946,34621.0,0.6153846153846154,8.0,5.0,3.0,1054.0,16.0,95.0,53.0,23.0,0.0,217.0,343.75
947,34622.0,0.8333333333333334,20.0,4.0,3.0,257.0,0.0,118.0,0.0,21.0,0.20000000298023224,57.0,113.96074676513672
948,34622.0,0.8333333333333334,20.0,4.0,4.0,364.0,0.0,118.0,0.0,21.0,0.20000000298023224,57.0,113.96074676513672
949,34622.0,0.8333333333333334,20.0,4.0,2.0,234.0,0.0,118.0,0.0,18.0,0.10000000149011612,57.0,113.96074676513672
950,34623.0,0.95,133.0,7.0,3.0,742.0,0.0,140.0,3.0,16.0,0.0,138.0,324.0
951,34623.0,0.95,133.0,7.0,4.0,882.0,0.0,140.0,3.0,19.0,-0.4000000059604645,138.0,324.0
952,34623.0,0.95,133.0,7.0,2.0,498.0,0.0,140.0,3.0,14.0,0.25,138.0,324.0
953,34624.0,0.9574468085106383,45.0,2.0,4.0,1221.0,0.0,192.0,0.0,18.0,0.0,185.0,595.0
954,34625.0,0.0,0.0,1.0,3.0,1141.0,26.0,175.0,103.0,12.0,0.0,209.0,611.0
955,34626.0,0.6666666666666666,6.0,3.0,2.0,519.0,135.0,175.0,34.0,0.0,0.0,119.0,348.0
956,34629.0,0.75,12.0,4.0,4.0,2074.0,34.0,154.0,42.0,22.0,-0.5,260.0,667.5264892578125
957,34630.0,0.9230769230769231,12.0,1.0,4.0,516.0,0.0,166.0,4.0,20.0,0.30576035380363464,106.0,295.4462585449219
958,34631.0,0.9166666666666666,33.0,3.0,4.0,1637.0,0.0,197.0,43.0,20.0,0.0,193.0,635.0
959,34632.0,0.625,5.0,3.0,2.0,468.0,17.0,160.0,11.0,12.0,0.0,130.0,347.25
960,34634.0,0.0,0.0,1.0,2.0,526.0,252.0,63.0,53.0,12.0,0.0,266.0,279.875
961,34636.0,0.9473684210526315,18.0,1.0,4.0,1252.0,8.0,209.0,2.0,23.0,-0.10000000149011612,118.0,411.3821716308594
962,34638.0,0.5,2.0,2.0,4.0,4048.0,0.0,226.1999969482422,0.0,20.0,0.0,140.0,530.9375
963,34639.0,0.877906976744186,151.0,21.0,4.0,92.0,10.0,180.0,12.0,17.0,0.0,19.0,59.0
964,34640.0,0.5,1.0,1.0,2.0,566.0,0.0,169.0,2.0,12.0,0.0,107.0,303.0
965,34642.0,1.0,29.0,0.0,3.0,715.0,38.0,128.0,20.0,16.0,-0.10000000149011612,186.0,398.5
966,34642.0,1.0,29.0,0.0,4.0,738.0,38.0,128.0,22.0,18.0,-0.30000001192092896,186.0,398.5
967,34642.0,1.0,29.0,0.0,2.0,616.0,8.0,128.0,8.0,15.0,0.0,186.0,398.5
968,34642.0,1.0,29.0,0.0,1.0,507.0,56.0,128.0,19.0,13.0,0.0,186.0,398.5
969,34643.0,0.2857142857142857,2.0,5.0,3.0,633.0,0.0,152.0,0.0,0.0,0.0,157.0,398.5
970,34644.0,1.0,4.0,0.0,2.0,674.0,0.0,126.0,59.0,12.0,0.0,236.0,496.8623962402344
971,34646.0,0.0,0.0,1.0,3.0,190.0,0.0,122.0,0.0,12.0,0.0,85.0,173.0
972,34647.0,0.8,8.0,2.0,2.0,886.0,0.0,75.0,48.0,12.0,0.0,297.0,371.5
973,34649.0,0.5714285714285714,4.0,3.0,4.0,1463.0,438.0,255.0,116.0,22.0,0.0,133.0,568.4249877929688
974,34650.0,0.896551724137931,26.0,3.0,4.0,1659.0,0.0,105.0,0.0,18.0,-0.10000000149011612,221.0,387.5000305175781
975,34654.0,1.0,12.0,0.0,4.0,950.0,113.0,120.0,86.0,18.0,-0.5,180.0,361.5
976,34655.0,0.75,3.0,1.0,3.0,800.0,0.0,160.0,4.0,18.0,0.25,196.0,523.125
977,34656.0,0.8803921568627451,449.0,61.0,3.0,1657.0,0.0,191.0,9.0,22.0,-0.30000001192092896,210.0,670.4484252929688
978,34656.0,0.8803921568627451,449.0,61.0,4.0,1675.0,20.0,191.0,10.0,23.0,-0.30000001192092896,210.0,670.4484252929688
979,34656.0,0.8803921568627451,449.0,61.0,2.0,1670.0,12.0,191.0,15.0,23.0,-0.30000001192092896,210.0,670.4484252929688
980,34656.0,0.8803921568627451,449.0,61.0,1.0,4496.0,32.0,191.0,34.0,23.0,-0.30000001192092896,210.0,670.4579467773438
981,34659.0,0.3333333333333333,1.0,2.0,2.0,725.0,310.0,175.0,172.0,0.0,0.0,186.0,545.0
982,34661.0,0.18181818181818182,2.0,9.0,2.0,579.0,20149.0,136.0,161.0,20.0,0.0,30.0,69.1875
983,34662.0,0.9473684210526315,18.0,1.0,2.0,689.0,0.0,120.0,0.0,12.0,0.0,209.0,419.5
984,34664.0,0.85,17.0,3.0,4.0,716.0,35.0,216.0,2.0,24.0,0.0,98.0,356.0
985,34671.0,1.0,86.0,0.0,4.0,641.0,0.0,128.0,0.0,20.0,0.200000002980232,172.0,367.0
986,34671.0,1.0,86.0,0.0,2.0,531.0,0.0,128.0,0.0,16.0,0.0,172.0,367.0
987,34672.0,0.0,0.0,5.0,3.0,443.0,12.0,150.0,12.0,12.0,0.0,173.0,433.0
988,34673.0,0.5882352941176471,10.0,7.0,2.0,253.0,0.0,94.0,6.0,12.0,0.0,150.0,236.39999389648438
989,34674.0,0.7142857142857143,5.0,2.0,4.0,1293.0,0.0,500.0,27.0,23.0,0.0,101.0,846.0
990,34675.0,0.5714285714285714,4.0,3.0,4.0,769.0,12.0,105.0,49.0,17.0,0.0,194.0,340.75
991,34676.0,0.2857142857142857,2.0,5.0,3.0,724.0,92.0,127.0,82.0,17.0,0.0,205.0,435.0
992,34677.0,0.7777777777777778,7.0,2.0,4.0,233.0,0.0,126.0,17.0,16.0,0.0,67.0,141.75
993,34679.0,0.8333333333333334,15.0,3.0,4.0,1119.0,0.0,128.0,62.0,17.0,0.0,226.0,484.0
994,34680.0,0.875,21.0,3.0,3.0,782.0,0.0,121.0,0.0,16.0,0.0,214.0,432.77032470703125
995,34681.0,0.6923076923076923,9.0,4.0,1.0,337.0,0.0,120.0,24.0,10.0,0.0,207.0,415.75
996,34683.0,0.25,3.0,9.0,3.0,1046.0,0.0,92.0,0.0,13.0,-0.10000000149011612,224.0,344.375
997,34684.0,0.896551724137931,26.0,3.0,4.0,1492.0,231.0,200.0,1.0,22.0,0.10000000149011612,133.0,446.1166687011719
998,34685.0,0.25,1.0,3.0,4.0,1011.0,68.0,128.0,2.0,22.0,0.0,129.0,276.7992858886719
999,34686.0,0.08333333333333333,1.0,11.0,4.0,758.0,0.0,125.9800033569336,5.0,18.0,0.0,334.0,701.5
